-- phpMyAdmin SQL Dump
-- version 5.2.1
-- https://www.phpmyadmin.net/
--
-- Host: 127.0.0.1
-- Generation Time: Jun 05, 2025 at 12:54 PM
-- Server version: 10.4.32-MariaDB
-- PHP Version: 8.2.12

SET SQL_MODE = "NO_AUTO_VALUE_ON_ZERO";
START TRANSACTION;
SET time_zone = "+00:00";


/*!40101 SET @OLD_CHARACTER_SET_CLIENT=@@CHARACTER_SET_CLIENT */;
/*!40101 SET @OLD_CHARACTER_SET_RESULTS=@@CHARACTER_SET_RESULTS */;
/*!40101 SET @OLD_COLLATION_CONNECTION=@@COLLATION_CONNECTION */;
/*!40101 SET NAMES utf8mb4 */;

--
-- Database: `corporate_uniform`
--

-- --------------------------------------------------------

--
-- Table structure for table `apparel_apparel_trans`
--

CREATE TABLE `apparel_apparel_trans` (
  `aat_id` int(11) NOT NULL,
  `apparel_id` int(11) NOT NULL,
  `aat_apparel_id` int(11) NOT NULL
) ENGINE=InnoDB DEFAULT CHARSET=utf8 COLLATE=utf8_general_ci;

--
-- Dumping data for table `apparel_apparel_trans`
--

INSERT INTO `apparel_apparel_trans` (`aat_id`, `apparel_id`, `aat_apparel_id`) VALUES
(49, 1, 1),
(47, 2, 1),
(48, 2, 8),
(46, 3, 3),
(45, 4, 4),
(44, 5, 5),
(43, 6, 6),
(42, 7, 7),
(41, 8, 8),
(38, 9, 1),
(40, 9, 7),
(39, 9, 8),
(37, 10, 10),
(35, 11, 1),
(36, 11, 8),
(34, 12, 1),
(10, 12, 7),
(9, 12, 8),
(11, 13, 1),
(12, 13, 8),
(32, 15, 15),
(31, 16, 16),
(30, 17, 17),
(28, 18, 10),
(29, 18, 24),
(27, 19, 8),
(26, 19, 10),
(24, 20, 10),
(25, 20, 26),
(22, 21, 5),
(23, 21, 8),
(21, 22, 22),
(19, 23, 10),
(20, 23, 24),
(18, 24, 24),
(17, 25, 25),
(16, 26, 26),
(15, 27, 27),
(13, 28, 10),
(14, 28, 25);

-- --------------------------------------------------------

--
-- Table structure for table `apparel_master`
--

CREATE TABLE `apparel_master` (
  `apparel_id` int(11) NOT NULL,
  `apparel_code` varchar(50) NOT NULL,
  `apparel_name` varchar(50) NOT NULL,
  `apparel_group` varchar(10) NOT NULL,
  `apparel_charges` double(16,2) NOT NULL,
  `apparel_sgst_per` double(16,2) NOT NULL,
  `apparel_cgst_per` double(16,2) NOT NULL,
  `apparel_igst_per` double(16,2) NOT NULL,
  `apparel_category_id` int(11) NOT NULL,
  `apparel_status` tinyint(4) NOT NULL,
  `apparel_default` tinyint(4) NOT NULL,
  `apparel_created_by` int(11) NOT NULL,
  `apparel_created_at` datetime NOT NULL,
  `apparel_updated_by` int(11) NOT NULL,
  `apparel_updated_at` datetime NOT NULL,
  `apparel_deleted_by` int(11) DEFAULT NULL,
  `apparel_deleted_at` datetime DEFAULT NULL
) ENGINE=InnoDB DEFAULT CHARSET=utf8 COLLATE=utf8_general_ci;

--
-- Dumping data for table `apparel_master`
--

INSERT INTO `apparel_master` (`apparel_id`, `apparel_code`, `apparel_name`, `apparel_group`, `apparel_charges`, `apparel_sgst_per`, `apparel_cgst_per`, `apparel_igst_per`, `apparel_category_id`, `apparel_status`, `apparel_default`, `apparel_created_by`, `apparel_created_at`, `apparel_updated_by`, `apparel_updated_at`, `apparel_deleted_by`, `apparel_deleted_at`) VALUES
(1, '', 'COAT', '', 10000.00, 0.00, 0.00, 0.00, 1, 1, 0, 2, '2025-05-09 17:10:33', 2, '0000-00-00 00:00:00', NULL, NULL),
(2, '', 'SUIT II PCS CLASSIC', '', 15000.00, 2.50, 2.50, 5.00, 1, 1, 0, 2, '2025-05-09 17:10:38', 2, '0000-00-00 00:00:00', NULL, NULL),
(3, '', 'SHERWANI TOP', '', 12000.00, 2.50, 2.50, 5.00, 1, 1, 0, 2, '2025-05-09 17:10:56', 2, '0000-00-00 00:00:00', NULL, NULL),
(4, '', 'INDOWESTERN TOP', '', 12000.00, 2.50, 2.50, 5.00, 1, 1, 0, 2, '2025-05-09 17:11:18', 2, '0000-00-00 00:00:00', NULL, NULL),
(5, '', 'SHIRT', '', 2000.00, 2.50, 2.50, 5.00, 1, 1, 0, 2, '2025-05-09 17:11:51', 2, '0000-00-00 00:00:00', NULL, NULL),
(6, '', 'JAWAHAR JACKET', '', 7000.00, 2.50, 2.50, 5.00, 1, 1, 0, 2, '2025-05-09 17:12:06', 2, '0000-00-00 00:00:00', NULL, NULL),
(7, '', 'WAIST COAT', '', 4000.00, 2.50, 2.50, 5.00, 1, 1, 0, 2, '2025-05-09 17:12:17', 2, '0000-00-00 00:00:00', NULL, NULL),
(8, '', 'TROUSER', '', 2500.00, 2.50, 2.50, 5.00, 1, 1, 0, 2, '2025-05-09 17:12:23', 2, '0000-00-00 00:00:00', NULL, NULL),
(9, '', 'SUIT III PCS CLASSIC', '', 19000.00, 2.50, 2.50, 5.00, 1, 1, 0, 2, '2025-05-09 17:53:07', 2, '0000-00-00 00:00:00', NULL, NULL),
(10, '', 'KURTA', '', 2500.00, 2.50, 2.50, 5.00, 1, 1, 0, 2, '2025-05-09 17:53:35', 2, '0000-00-00 00:00:00', NULL, NULL),
(11, '', 'SUIT II PCS CANVAS HANDMADE', '', 30000.00, 2.50, 2.50, 5.00, 1, 1, 0, 2, '2025-05-11 13:35:56', 2, '0000-00-00 00:00:00', NULL, NULL),
(12, '', 'SUIT III PCS CANVAS HANDMADE', '', 40000.00, 2.50, 2.50, 5.00, 1, 1, 0, 2, '2025-05-11 13:36:26', 2, '0000-00-00 00:00:00', NULL, NULL),
(13, '', 'SUIT TUXIDO', '', 16000.00, 2.50, 2.50, 5.00, 1, 1, 0, 2, '2025-05-11 13:36:53', 2, '0000-00-00 00:00:00', NULL, NULL),
(14, '', 'JACKET', '', 12000.00, 2.50, 2.50, 5.00, 1, 1, 0, 2, '2025-05-11 13:37:12', 2, '0000-00-00 00:00:00', NULL, NULL),
(15, '', 'SHIRT TUXIDO', '', 3000.00, 2.50, 2.50, 5.00, 1, 1, 0, 2, '2025-05-11 13:37:33', 2, '0000-00-00 00:00:00', NULL, NULL),
(16, '', 'SHIRT CANVAS HANDMADE', '', 5000.00, 2.50, 2.50, 5.00, 1, 1, 0, 2, '2025-05-11 13:37:56', 2, '0000-00-00 00:00:00', NULL, NULL),
(17, '', 'BREECHES', '', 3000.00, 2.50, 2.50, 5.00, 1, 1, 0, 2, '2025-05-11 13:38:13', 2, '0000-00-00 00:00:00', NULL, NULL),
(18, '', 'KURTA PYJAMA ', '', 3500.00, 2.50, 2.50, 5.00, 1, 1, 0, 2, '2025-05-11 13:38:32', 2, '0000-00-00 00:00:00', NULL, NULL),
(19, '', 'PATHANI SUIT', '', 4000.00, 2.50, 2.50, 5.00, 1, 1, 0, 2, '2025-05-11 13:38:47', 2, '0000-00-00 00:00:00', NULL, NULL),
(20, '', 'KURTA DHOTI', '', 6000.00, 2.50, 2.50, 5.00, 1, 1, 0, 2, '2025-05-11 13:39:00', 2, '0000-00-00 00:00:00', NULL, NULL),
(21, '', 'SAFARI SUIT', '', 7000.00, 2.50, 2.50, 5.00, 1, 1, 0, 2, '2025-05-11 13:39:14', 2, '0000-00-00 00:00:00', NULL, NULL),
(22, '', 'SHIRT COAT CUT', '', 4000.00, 2.50, 2.50, 5.00, 1, 1, 0, 2, '2025-05-11 13:39:31', 2, '0000-00-00 00:00:00', NULL, NULL),
(23, '', 'KURTA PYJAMA S/W CUT', '', 8000.00, 2.50, 2.50, 5.00, 1, 1, 0, 2, '2025-05-11 13:39:54', 2, '0000-00-00 00:00:00', NULL, NULL),
(24, '', 'PYJAMA', '', 1500.00, 2.50, 2.50, 5.00, 1, 1, 0, 2, '2025-05-11 13:40:26', 2, '0000-00-00 00:00:00', NULL, NULL),
(25, '', 'PANTCUT', '', 1500.00, 2.50, 2.50, 5.00, 1, 1, 0, 2, '2025-05-11 13:40:31', 2, '0000-00-00 00:00:00', NULL, NULL),
(26, '', 'DHOTI', '', 4000.00, 2.50, 2.50, 5.00, 1, 1, 0, 2, '2025-05-11 13:40:43', 2, '0000-00-00 00:00:00', NULL, NULL),
(27, '', 'CAWAL PANT', '', 2500.00, 2.50, 2.50, 5.00, 1, 1, 0, 2, '2025-05-11 13:41:00', 2, '0000-00-00 00:00:00', NULL, NULL),
(28, '', 'KURTA PANTCUT', '', 4000.00, 2.50, 2.50, 5.00, 1, 1, 0, 2, '2025-05-11 13:41:23', 2, '0000-00-00 00:00:00', NULL, NULL),
(29, '', 'JACKET DESIGNER', '', 14000.00, 2.50, 2.50, 5.00, 1, 1, 0, 2, '2025-05-11 13:41:50', 2, '0000-00-00 00:00:00', NULL, NULL);

-- --------------------------------------------------------

--
-- Table structure for table `apparel_proces_trans`
--

CREATE TABLE `apparel_proces_trans` (
  `apt_id` int(11) NOT NULL,
  `apt_apparel_id` int(11) NOT NULL,
  `apt_sequence` int(11) NOT NULL,
  `apt_proces_id` int(11) NOT NULL,
  `apt_created_by` int(11) NOT NULL,
  `apt_created_at` datetime NOT NULL,
  `apt_updated_by` int(11) NOT NULL,
  `apt_updated_at` datetime NOT NULL
) ENGINE=InnoDB DEFAULT CHARSET=utf8 COLLATE=utf8_general_ci;

-- --------------------------------------------------------

--
-- Table structure for table `apparel_style_master`
--

CREATE TABLE `apparel_style_master` (
  `asm_id` int(11) NOT NULL,
  `asm_uuid` varchar(50) NOT NULL,
  `asm_name` varchar(50) NOT NULL,
  `asm_status` tinyint(4) NOT NULL,
  `asm_default` tinyint(4) NOT NULL,
  `asm_delete_status` tinyint(4) NOT NULL,
  `asm_created_by` int(11) NOT NULL,
  `asm_created_at` datetime NOT NULL,
  `asm_updated_by` int(11) NOT NULL,
  `asm_updated_at` datetime NOT NULL
) ENGINE=InnoDB DEFAULT CHARSET=utf8 COLLATE=utf8_general_ci;

-- --------------------------------------------------------

--
-- Table structure for table `apparel_style_trans`
--

CREATE TABLE `apparel_style_trans` (
  `ast_id` int(11) NOT NULL,
  `ast_uuid` varchar(50) NOT NULL,
  `ast_asm_id` int(11) NOT NULL,
  `ast_name` varchar(50) NOT NULL,
  `ast_image` text NOT NULL,
  `ast_default` tinyint(4) NOT NULL,
  `ast_delete_status` tinyint(4) NOT NULL,
  `ast_created_by` int(11) NOT NULL,
  `ast_created_at` datetime NOT NULL,
  `ast_updated_by` int(11) NOT NULL,
  `ast_updated_at` datetime NOT NULL
) ENGINE=InnoDB DEFAULT CHARSET=utf8 COLLATE=utf8_general_ci;

-- --------------------------------------------------------

--
-- Table structure for table `barcode_master`
--

CREATE TABLE `barcode_master` (
  `bm_id` int(11) NOT NULL,
  `bm_roll_no` varchar(50) NOT NULL,
  `bm_item_code` bigint(20) NOT NULL,
  `bm_barcode_year` varchar(20) NOT NULL,
  `bm_barcode_month` varchar(20) NOT NULL,
  `bm_counter` bigint(20) NOT NULL,
  `bm_delete_status` tinyint(4) NOT NULL DEFAULT 0,
  `bm_branch_id` int(11) NOT NULL,
  `bm_fin_year` varchar(20) NOT NULL,
  `bm_fabric_id` int(11) NOT NULL,
  `bm_design_id` int(11) NOT NULL,
  `bm_category_id` int(11) NOT NULL,
  `bm_color_id` int(11) NOT NULL,
  `bm_hsn_id` int(11) NOT NULL,
  `bm_width_id` int(11) NOT NULL,
  `bm_cost_char` varchar(10) NOT NULL,
  `bm_description` text NOT NULL,
  `bm_pt_qty` int(11) NOT NULL,
  `bm_supplier_id` int(11) NOT NULL,
  `bm_pm_id` int(11) NOT NULL,
  `bm_pt_id` int(11) NOT NULL,
  `bm_pt_mtr` double(16,2) NOT NULL,
  `bm_pt_rate` int(11) NOT NULL,
  `bm_mrp` int(11) NOT NULL,
  `bm_pt_amt` double(16,2) NOT NULL,
  `bm_disc_amt` double(16,2) NOT NULL,
  `bm_taxable_amt` double(16,2) NOT NULL,
  `bm_sgst_amt` double(16,2) NOT NULL,
  `bm_cgst_amt` double(16,2) NOT NULL,
  `bm_igst_amt` double(16,2) NOT NULL,
  `bm_shirt_mrp` double(16,2) NOT NULL,
  `bm_trouser_mrp` double(16,2) NOT NULL,
  `bm_2pc_suit_mrp` double(16,2) NOT NULL,
  `bm_3pc_suit_mrp` double(16,2) NOT NULL,
  `bm_jacket_mrp` double(16,2) NOT NULL,
  `bm_total_amt` double(16,2) NOT NULL,
  `bm_ot_mtr` double(16,2) NOT NULL,
  `bm_ott_mtr` double(16,2) NOT NULL,
  `bm_et_mtr` double(16,2) NOT NULL,
  `bm_prt_id` int(11) NOT NULL,
  `bm_prt_mtr` double(16,2) NOT NULL,
  `bm_prt_qty` int(11) NOT NULL,
  `bm_prt_rate` double(16,2) NOT NULL,
  `bm_prt_disc` double(16,2) NOT NULL,
  `bm_prt_gst` double(16,2) NOT NULL,
  `bm_st_id` int(11) NOT NULL,
  `bm_st_qty` int(11) NOT NULL,
  `bm_st_rate` double(16,2) NOT NULL,
  `bm_st_disc` double(16,2) NOT NULL,
  `bm_srt_id` int(11) NOT NULL,
  `bm_srt_qty` int(11) NOT NULL,
  `bm_srt_rate` float(16,2) NOT NULL,
  `bm_srt_disc` double(16,2) NOT NULL,
  `bm_am_mtr` double(16,2) NOT NULL,
  `bm_created_by` int(11) NOT NULL,
  `bm_created_at` datetime NOT NULL,
  `bm_updated_by` int(11) NOT NULL,
  `bm_updated_at` datetime NOT NULL DEFAULT current_timestamp() ON UPDATE current_timestamp()
) ENGINE=InnoDB DEFAULT CHARSET=utf8 COLLATE=utf8_general_ci;

-- --------------------------------------------------------

--
-- Table structure for table `barcode_readymade_master`
--

CREATE TABLE `barcode_readymade_master` (
  `brmm_id` int(11) NOT NULL,
  `brmm_roll_no` varchar(50) NOT NULL,
  `brmm_item_code` bigint(20) NOT NULL,
  `brmm_barcode_year` varchar(20) NOT NULL,
  `brmm_barcode_month` varchar(20) NOT NULL,
  `brmm_counter` bigint(20) NOT NULL,
  `brmm_delete_status` tinyint(4) NOT NULL DEFAULT 0,
  `brmm_branch_id` int(11) NOT NULL,
  `brmm_fin_year` varchar(20) NOT NULL,
  `brmm_product_id` int(11) NOT NULL,
  `brmm_design_id` int(11) NOT NULL,
  `brmm_readymade_category_id` int(11) NOT NULL,
  `brmm_color_id` int(11) NOT NULL,
  `brmm_size_id` int(11) NOT NULL,
  `brmm_gender_id` int(11) NOT NULL,
  `brmm_cost_char` varchar(10) NOT NULL,
  `brmm_description` text NOT NULL,
  `brmm_supplier_id` int(11) NOT NULL,
  `brmm_prmm_id` int(11) NOT NULL,
  `brmm_prmt_id` int(11) NOT NULL,
  `brmm_prmt_qty` int(11) NOT NULL,
  `brmm_prmt_rate` int(11) NOT NULL,
  `brmm_mrp` int(11) NOT NULL,
  `brmm_prmt_amt` double(16,2) NOT NULL,
  `brmm_disc_amt` double(16,2) NOT NULL,
  `brmm_taxable_amt` double(16,2) NOT NULL,
  `brmm_sgst_amt` double(16,2) NOT NULL,
  `brmm_cgst_amt` double(16,2) NOT NULL,
  `brmm_igst_amt` double(16,2) NOT NULL,
  `brmm_total_amt` double(16,2) NOT NULL,
  `brmm_ot_qty` double(16,2) NOT NULL,
  `brmm_et_qty` double(16,2) NOT NULL,
  `brmm_prrt_qty` int(11) NOT NULL,
  `brmm_st_id` int(11) NOT NULL,
  `brmm_st_qty` int(11) NOT NULL,
  `brmm_st_rate` double(16,2) NOT NULL,
  `brmm_st_disc` double(16,2) NOT NULL,
  `brmm_srt_id` int(11) NOT NULL,
  `brmm_srt_qty` int(11) NOT NULL,
  `brmm_srt_rate` float(16,2) NOT NULL,
  `brmm_srt_disc` double(16,2) NOT NULL,
  `brmm_created_by` int(11) NOT NULL,
  `brmm_created_at` datetime NOT NULL,
  `brmm_updated_by` int(11) NOT NULL,
  `brmm_updated_at` datetime NOT NULL DEFAULT current_timestamp() ON UPDATE current_timestamp()
) ENGINE=InnoDB DEFAULT CHARSET=utf8 COLLATE=utf8_general_ci;

-- --------------------------------------------------------

--
-- Table structure for table `branch_master`
--

CREATE TABLE `branch_master` (
  `branch_id` int(11) NOT NULL,
  `branch_name` varchar(50) NOT NULL,
  `branch_status` tinyint(1) NOT NULL DEFAULT 1,
  `branch_default` tinyint(4) NOT NULL,
  `branch_created_by` int(11) NOT NULL,
  `branch_created_at` datetime NOT NULL,
  `branch_updated_by` int(11) NOT NULL,
  `branch_updated_at` datetime NOT NULL DEFAULT current_timestamp() ON UPDATE current_timestamp()
) ENGINE=InnoDB DEFAULT CHARSET=utf8 COLLATE=utf8_general_ci;

--
-- Dumping data for table `branch_master`
--

INSERT INTO `branch_master` (`branch_id`, `branch_name`, `branch_status`, `branch_default`, `branch_created_by`, `branch_created_at`, `branch_updated_by`, `branch_updated_at`) VALUES
(1, 'main', 1, 1, 1, '2022-07-28 21:23:37', 1, '2024-02-24 10:50:16'),
(2, 'SHOP', 1, 0, 2, '2025-05-09 19:40:53', 2, '2025-05-09 10:10:53'),
(3, 'WORKSHOP', 1, 0, 2, '2025-05-09 19:40:59', 2, '2025-05-09 10:10:59');

-- --------------------------------------------------------

--
-- Table structure for table `category_master`
--

CREATE TABLE `category_master` (
  `category_id` int(11) NOT NULL,
  `category_name` varchar(50) NOT NULL,
  `category_code` varchar(10) NOT NULL,
  `category_saleable` tinyint(4) NOT NULL,
  `category_status` tinyint(4) NOT NULL,
  `category_default` tinyint(4) NOT NULL,
  `category_created_by` int(11) NOT NULL,
  `category_created_at` datetime NOT NULL,
  `category_updated_by` int(11) NOT NULL,
  `category_updated_at` datetime NOT NULL,
  `category_deleted_by` int(11) NOT NULL,
  `category_deleted_at` datetime DEFAULT NULL
) ENGINE=InnoDB DEFAULT CHARSET=utf8 COLLATE=utf8_general_ci;

--
-- Dumping data for table `category_master`
--

INSERT INTO `category_master` (`category_id`, `category_name`, `category_code`, `category_saleable`, `category_status`, `category_default`, `category_created_by`, `category_created_at`, `category_updated_by`, `category_updated_at`, `category_deleted_by`, `category_deleted_at`) VALUES
(7, 'wool', '', 0, 1, 0, 2, '2025-05-16 15:19:28', 2, '0000-00-00 00:00:00', 0, NULL),
(8, 'cotton', '', 0, 1, 0, 2, '2025-05-16 15:19:42', 2, '0000-00-00 00:00:00', 0, NULL),
(9, 'TR', '', 0, 1, 0, 2, '2025-05-17 17:15:15', 2, '0000-00-00 00:00:00', 0, NULL),
(10, 'SILK', '', 0, 1, 0, 2, '2025-05-17 17:15:20', 2, '0000-00-00 00:00:00', 0, NULL),
(11, 'VALVET', '', 0, 1, 0, 2, '2025-05-17 17:15:26', 2, '0000-00-00 00:00:00', 0, NULL),
(12, 'POLYSTER', '', 0, 1, 0, 2, '2025-05-17 17:15:59', 2, '0000-00-00 00:00:00', 0, NULL),
(13, 'cottons', '', 0, 1, 0, 2, '2025-05-23 14:31:43', 2, '0000-00-00 00:00:00', 0, NULL);

-- --------------------------------------------------------

--
-- Table structure for table `city_master`
--

CREATE TABLE `city_master` (
  `city_id` int(11) NOT NULL,
  `city_name` varchar(150) NOT NULL,
  `city_status` tinyint(4) NOT NULL DEFAULT 1,
  `city_default` tinyint(4) NOT NULL,
  `city_created_by` int(11) NOT NULL,
  `city_created_at` datetime NOT NULL,
  `city_updated_by` int(11) NOT NULL,
  `city_updated_at` datetime NOT NULL DEFAULT current_timestamp() ON UPDATE current_timestamp()
) ENGINE=InnoDB DEFAULT CHARSET=utf8 COLLATE=utf8_general_ci;

--
-- Dumping data for table `city_master`
--

INSERT INTO `city_master` (`city_id`, `city_name`, `city_status`, `city_default`, `city_created_by`, `city_created_at`, `city_updated_by`, `city_updated_at`) VALUES
(3, 'ABUDHABI', 1, 0, 1, '2023-06-12 18:12:56', 1, '2023-06-12 18:12:56'),
(4, 'AFRICA', 1, 0, 1, '2023-06-12 18:12:56', 1, '2023-06-12 18:12:56'),
(5, 'AGRA ROAD', 1, 0, 1, '2023-06-12 18:12:56', 1, '2023-06-12 18:12:56'),
(6, 'AHMEDABAD', 1, 0, 1, '2023-06-12 18:12:56', 1, '2023-06-12 18:12:56'),
(7, 'AHMEDNAGAR', 1, 0, 1, '2023-06-12 18:12:56', 1, '2023-06-12 18:12:56'),
(8, 'AIROLI', 1, 0, 1, '2023-06-12 18:12:56', 1, '2023-06-12 18:12:56'),
(9, 'AIRPORT', 1, 0, 1, '2023-06-12 18:12:56', 1, '2023-06-12 18:12:56'),
(10, 'AKOLA', 1, 0, 1, '2023-06-12 18:12:56', 1, '2023-06-12 18:12:56'),
(11, 'AMAR MAHAL', 1, 0, 1, '2023-06-12 18:12:56', 1, '2023-06-12 18:12:56'),
(12, 'AMBEDKAR ROAD', 1, 0, 1, '2023-06-12 18:12:56', 1, '2023-06-12 18:12:56'),
(13, 'AMBERNATH [E]', 1, 0, 1, '2023-06-12 18:12:56', 1, '2023-06-12 18:12:56'),
(14, 'AMRAVATI', 1, 0, 1, '2023-06-12 18:12:56', 1, '2023-06-12 18:12:56'),
(15, 'AMRUT NAGAR', 1, 0, 1, '2023-06-12 18:12:56', 1, '2023-06-12 18:12:56'),
(16, 'ANDHERI', 1, 0, 1, '2023-06-12 18:12:56', 1, '2023-06-12 18:12:56'),
(17, 'ANDHERI [E]', 1, 0, 1, '2023-06-12 18:12:56', 1, '2023-06-12 18:12:56'),
(18, 'ANTOP HILL', 1, 0, 1, '2023-06-12 18:12:56', 1, '2023-06-12 18:12:56'),
(19, 'ASALFA VILLAGE', 1, 0, 1, '2023-06-12 18:12:56', 1, '2023-06-12 18:12:56'),
(20, 'AUNDH', 1, 0, 1, '2023-06-12 18:12:56', 1, '2023-06-12 18:12:56'),
(21, 'AURANGABAD', 1, 0, 1, '2023-06-12 18:12:56', 1, '2023-06-12 18:12:56'),
(22, 'BADLAPUR', 1, 0, 1, '2023-06-12 18:12:56', 1, '2023-06-12 18:12:56'),
(23, 'BANARAS', 1, 0, 1, '2023-06-12 18:12:56', 1, '2023-06-12 18:12:56'),
(24, 'BANDRA', 1, 0, 1, '2023-06-12 18:12:56', 1, '2023-06-12 18:12:56'),
(25, 'BANDRA [E]', 1, 0, 1, '2023-06-12 18:12:56', 1, '2023-06-12 18:12:56'),
(26, 'BANGALORE', 1, 0, 1, '2023-06-12 18:12:56', 1, '2023-06-12 18:12:56'),
(27, 'BANGKOK', 1, 0, 1, '2023-06-12 18:12:56', 1, '2023-06-12 18:12:56'),
(28, 'BARODA', 1, 0, 1, '2023-06-12 18:12:56', 1, '2023-06-12 18:12:56'),
(29, 'BASANT CINEMA', 1, 0, 1, '2023-06-12 18:12:56', 1, '2023-06-12 18:12:56'),
(30, 'BASANT PARK', 1, 0, 1, '2023-06-12 18:12:56', 1, '2023-06-12 18:12:56'),
(31, 'BEED', 1, 0, 1, '2023-06-12 18:12:56', 1, '2023-06-12 18:12:56'),
(32, 'BHAKTI MARG', 1, 0, 1, '2023-06-12 18:12:56', 1, '2023-06-12 18:12:56'),
(33, 'BHANDUP', 1, 0, 1, '2023-06-12 18:12:56', 1, '2023-06-12 18:12:56'),
(34, 'BHAVANI SHANKAR RD', 1, 0, 1, '2023-06-12 18:12:56', 1, '2023-06-12 18:12:56'),
(35, 'BHAVNAGAR', 1, 0, 1, '2023-06-12 18:12:56', 1, '2023-06-12 18:12:56'),
(36, 'BHAYANDER', 1, 0, 1, '2023-06-12 18:12:56', 1, '2023-06-12 18:12:56'),
(37, 'BHILWARA', 1, 0, 1, '2023-06-12 18:12:56', 1, '2023-06-12 18:12:56'),
(38, 'BHIWANDI', 1, 0, 1, '2023-06-12 18:12:56', 1, '2023-06-12 18:12:56'),
(39, 'BHULESHWAR', 1, 0, 1, '2023-06-12 18:12:56', 1, '2023-06-12 18:12:56'),
(40, 'BIJAPUR', 1, 0, 1, '2023-06-12 18:12:56', 1, '2023-06-12 18:12:56'),
(41, 'BORA BAZAR', 1, 0, 1, '2023-06-12 18:12:56', 1, '2023-06-12 18:12:56'),
(42, 'BORIVALI', 1, 0, 1, '2023-06-12 18:12:56', 1, '2023-06-12 18:12:56'),
(43, 'BULDHANA', 1, 0, 1, '2023-06-12 18:12:56', 1, '2023-06-12 18:12:56'),
(44, 'BYCULLA', 1, 0, 1, '2023-06-12 18:12:56', 1, '2023-06-12 18:12:56'),
(45, 'C.P TANK', 1, 0, 1, '2023-06-12 18:12:56', 1, '2023-06-12 18:12:56'),
(46, 'CENTRAL AVENUE ROAD', 1, 0, 1, '2023-06-12 18:12:56', 1, '2023-06-12 18:12:56'),
(47, 'CHARNI ROAD', 1, 0, 1, '2023-06-12 18:12:56', 1, '2023-06-12 18:12:56'),
(48, 'CHEMBUR', 1, 0, 1, '2023-06-12 18:12:56', 1, '2023-06-12 18:12:56'),
(49, 'CHEMBUR NAKA', 1, 0, 1, '2023-06-12 18:12:56', 1, '2023-06-12 18:12:56'),
(50, 'CHENNAI', 1, 0, 1, '2023-06-12 18:12:56', 1, '2023-06-12 18:12:56'),
(51, 'CHHAYA SOCIETY', 1, 0, 1, '2023-06-12 18:12:56', 1, '2023-06-12 18:12:56'),
(52, 'CHHEDA NAGAR', 1, 0, 1, '2023-06-12 18:12:56', 1, '2023-06-12 18:12:56'),
(53, 'CHICAGO [ U.S.A]', 1, 0, 1, '2023-06-12 18:12:56', 1, '2023-06-12 18:12:56'),
(54, 'CHINCHPOKLI', 1, 0, 1, '2023-06-12 18:12:56', 1, '2023-06-12 18:12:56'),
(55, 'CHIRA BAZAR', 1, 0, 1, '2023-06-12 18:12:56', 1, '2023-06-12 18:12:56'),
(56, 'CHIRAG NAGAR', 1, 0, 1, '2023-06-12 18:12:56', 1, '2023-06-12 18:12:56'),
(57, 'CHIRALA', 1, 0, 1, '2023-06-12 18:12:56', 1, '2023-06-12 18:12:56'),
(58, 'CHOWPATTY', 1, 0, 1, '2023-06-12 18:12:56', 1, '2023-06-12 18:12:56'),
(59, 'CHUNABHATTI', 1, 0, 1, '2023-06-12 18:12:56', 1, '2023-06-12 18:12:56'),
(60, 'CHURCHGATE', 1, 0, 1, '2023-06-12 18:12:56', 1, '2023-06-12 18:12:56'),
(61, 'COIMBATORE', 1, 0, 1, '2023-06-12 18:12:56', 1, '2023-06-12 18:12:56'),
(62, 'COLABA', 1, 0, 1, '2023-06-12 18:12:56', 1, '2023-06-12 18:12:56'),
(63, 'COTTON GREEN', 1, 0, 1, '2023-06-12 18:12:56', 1, '2023-06-12 18:12:56'),
(64, 'DADAR', 1, 0, 1, '2023-06-12 18:12:56', 1, '2023-06-12 18:12:56'),
(65, 'DAHANU', 1, 0, 1, '2023-06-12 18:12:56', 1, '2023-06-12 18:12:56'),
(66, 'DAHISAR', 1, 0, 1, '2023-06-12 18:12:56', 1, '2023-06-12 18:12:56'),
(67, 'DELHI', 1, 0, 1, '2023-06-12 18:12:56', 1, '2023-06-12 18:12:56'),
(68, 'DEONAR', 1, 0, 1, '2023-06-12 18:12:56', 1, '2023-06-12 18:12:56'),
(69, 'DERASAR LANE', 1, 0, 1, '2023-06-12 18:12:56', 1, '2023-06-12 18:12:56'),
(70, 'DEVIDAS CROSS LANE', 1, 0, 1, '2023-06-12 18:12:56', 1, '2023-06-12 18:12:56'),
(71, 'DEVIDAYAL ROAD', 1, 0, 1, '2023-06-12 18:12:56', 1, '2023-06-12 18:12:56'),
(72, 'DHULE', 1, 0, 1, '2023-06-12 18:12:56', 1, '2023-06-12 18:12:56'),
(73, 'DHULIA', 1, 0, 1, '2023-06-12 18:12:56', 1, '2023-06-12 18:12:56'),
(74, 'DOCK YARD ROAD', 1, 0, 1, '2023-06-12 18:12:56', 1, '2023-06-12 18:12:56'),
(75, 'DOMBIVILI [E]', 1, 0, 1, '2023-06-12 18:12:56', 1, '2023-06-12 18:12:56'),
(76, 'DOMBIVILI [W]', 1, 0, 1, '2023-06-12 18:12:56', 1, '2023-06-12 18:12:56'),
(77, 'DR. AMBEDKAR ROAD', 1, 0, 1, '2023-06-12 18:12:56', 1, '2023-06-12 18:12:56'),
(78, 'ELPHINSTON', 1, 0, 1, '2023-06-12 18:12:56', 1, '2023-06-12 18:12:56'),
(79, 'FAIZABAD', 1, 0, 1, '2023-06-12 18:12:56', 1, '2023-06-12 18:12:56'),
(80, 'FILM CITY', 1, 0, 1, '2023-06-12 18:12:56', 1, '2023-06-12 18:12:56'),
(81, 'FILM CITY ROAD', 1, 0, 1, '2023-06-12 18:12:56', 1, '2023-06-12 18:12:56'),
(82, 'FORT', 1, 0, 1, '2023-06-12 18:12:56', 1, '2023-06-12 18:12:56'),
(83, 'G.M.ROAD', 1, 0, 1, '2023-06-12 18:12:56', 1, '2023-06-12 18:12:56'),
(84, 'GANDHIDHAM', 1, 0, 1, '2023-06-12 18:12:56', 1, '2023-06-12 18:12:56'),
(85, 'GANESH GAWDE ROAD', 1, 0, 1, '2023-06-12 18:12:56', 1, '2023-06-12 18:12:56'),
(86, 'GAOTHAN', 1, 0, 1, '2023-06-12 18:12:56', 1, '2023-06-12 18:12:56'),
(87, 'GARODIA NAGAR', 1, 0, 1, '2023-06-12 18:12:56', 1, '2023-06-12 18:12:56'),
(88, 'GELDA NAGAR', 1, 0, 1, '2023-06-12 18:12:56', 1, '2023-06-12 18:12:56'),
(89, 'GHATKOPAR [E]', 1, 0, 1, '2023-06-12 18:12:56', 1, '2023-06-12 18:12:56'),
(90, 'GHATKOPAR [W]', 1, 0, 1, '2023-06-12 18:12:56', 1, '2023-06-12 18:12:56'),
(91, 'GHATLA VILLAGE', 1, 0, 1, '2023-06-12 18:12:56', 1, '2023-06-12 18:12:56'),
(92, 'GOA', 1, 0, 1, '2023-06-12 18:12:56', 1, '2023-06-12 18:12:56'),
(93, 'GONDAL', 1, 0, 1, '2023-06-12 18:12:56', 1, '2023-06-12 18:12:56'),
(94, 'GONDIA', 1, 0, 1, '2023-06-12 18:12:56', 1, '2023-06-12 18:12:56'),
(95, 'GOPAL LANE', 1, 0, 1, '2023-06-12 18:12:56', 1, '2023-06-12 18:12:56'),
(96, 'GOREGAON', 1, 0, 1, '2023-06-12 18:12:56', 1, '2023-06-12 18:12:56'),
(97, 'GOVANDI', 1, 0, 1, '2023-06-12 18:12:56', 1, '2023-06-12 18:12:56'),
(98, 'GOVARDHAN NAGAR', 1, 0, 1, '2023-06-12 18:12:56', 1, '2023-06-12 18:12:56'),
(99, 'GOWALIA TANK', 1, 0, 1, '2023-06-12 18:12:56', 1, '2023-06-12 18:12:56'),
(100, 'GOWLIA TANK', 1, 0, 1, '2023-06-12 18:12:56', 1, '2023-06-12 18:12:56'),
(101, 'GRANT ROAD', 1, 0, 1, '2023-06-12 18:12:56', 1, '2023-06-12 18:12:56'),
(102, 'GREEN STREET', 1, 0, 1, '2023-06-12 18:12:56', 1, '2023-06-12 18:12:56'),
(103, 'GUJRAT', 1, 0, 1, '2023-06-12 18:12:56', 1, '2023-06-12 18:12:56'),
(104, 'GULBARGA', 1, 0, 1, '2023-06-12 18:12:56', 1, '2023-06-12 18:12:56'),
(105, 'H.D.ROAD', 1, 0, 1, '2023-06-12 18:12:56', 1, '2023-06-12 18:12:56'),
(106, 'HAJIALI', 1, 0, 1, '2023-06-12 18:12:56', 1, '2023-06-12 18:12:56'),
(107, 'HANSOTI LANE', 1, 0, 1, '2023-06-12 18:12:56', 1, '2023-06-12 18:12:56'),
(108, 'HARYANA', 1, 0, 1, '2023-06-12 18:12:56', 1, '2023-06-12 18:12:56'),
(109, 'HAZI ALI', 1, 0, 1, '2023-06-12 18:12:56', 1, '2023-06-12 18:12:56'),
(110, 'HINDMATA', 1, 0, 1, '2023-06-12 18:12:56', 1, '2023-06-12 18:12:56'),
(111, 'HINDU COLONY', 1, 0, 1, '2023-06-12 18:12:56', 1, '2023-06-12 18:12:56'),
(112, 'HINGOLI', 1, 0, 1, '2023-06-12 18:12:56', 1, '2023-06-12 18:12:56'),
(113, 'HINGWALA LANE', 1, 0, 1, '2023-06-12 18:12:56', 1, '2023-06-12 18:12:56'),
(114, 'HIRANANDANI', 1, 0, 1, '2023-06-12 18:12:56', 1, '2023-06-12 18:12:56'),
(115, 'HONGKONG', 1, 0, 1, '2023-06-12 18:12:56', 1, '2023-06-12 18:12:56'),
(116, 'HUBLI', 1, 0, 1, '2023-06-12 18:12:56', 1, '2023-06-12 18:12:56'),
(117, 'HYDERABAD', 1, 0, 1, '2023-06-12 18:12:56', 1, '2023-06-12 18:12:56'),
(118, 'ICHALKARANJI', 1, 0, 1, '2023-06-12 18:12:56', 1, '2023-06-12 18:12:56'),
(119, 'INDORE', 1, 0, 1, '2023-06-12 18:12:56', 1, '2023-06-12 18:12:56'),
(120, 'J.B.NAGAR', 1, 0, 1, '2023-06-12 18:12:56', 1, '2023-06-12 18:12:56'),
(121, 'J.N.ROAD', 1, 0, 1, '2023-06-12 18:12:56', 1, '2023-06-12 18:12:56'),
(122, 'J.V.P.D SCHEME', 1, 0, 1, '2023-06-12 18:12:56', 1, '2023-06-12 18:12:56'),
(123, 'J.VAISHNAV ROAD', 1, 0, 1, '2023-06-12 18:12:56', 1, '2023-06-12 18:12:56'),
(124, 'JAGDUSHA NAGAR', 1, 0, 1, '2023-06-12 18:12:56', 1, '2023-06-12 18:12:56'),
(125, 'JALGAON', 1, 0, 1, '2023-06-12 18:12:56', 1, '2023-06-12 18:12:56'),
(126, 'JALNA', 1, 0, 1, '2023-06-12 18:12:56', 1, '2023-06-12 18:12:56'),
(127, 'JAMNAGAR', 1, 0, 1, '2023-06-12 18:12:56', 1, '2023-06-12 18:12:56'),
(128, 'JAWAHAR ROAD', 1, 0, 1, '2023-06-12 18:12:56', 1, '2023-06-12 18:12:56'),
(129, 'JETHABHAI LANE', 1, 0, 1, '2023-06-12 18:12:56', 1, '2023-06-12 18:12:56'),
(130, 'JETHABHAI ROAD', 1, 0, 1, '2023-06-12 18:12:56', 1, '2023-06-12 18:12:56'),
(131, 'JIVDAYA LANE', 1, 0, 1, '2023-06-12 18:12:56', 1, '2023-06-12 18:12:56'),
(132, 'JODHPUR', 1, 0, 1, '2023-06-12 18:12:56', 1, '2023-06-12 18:12:56'),
(133, 'JOGESHWARI', 1, 0, 1, '2023-06-12 18:12:56', 1, '2023-06-12 18:12:56'),
(134, 'JUHU', 1, 0, 1, '2023-06-12 18:12:56', 1, '2023-06-12 18:12:56'),
(135, 'JUHU LANE', 1, 0, 1, '2023-06-12 18:12:56', 1, '2023-06-12 18:12:56'),
(136, 'JUI NAGAR', 1, 0, 1, '2023-06-12 18:12:56', 1, '2023-06-12 18:12:56'),
(137, 'KALAMBOLI', 1, 0, 1, '2023-06-12 18:12:56', 1, '2023-06-12 18:12:56'),
(138, 'KALBADEVI', 1, 0, 1, '2023-06-12 18:12:56', 1, '2023-06-12 18:12:56'),
(139, 'KALINA', 1, 0, 1, '2023-06-12 18:12:56', 1, '2023-06-12 18:12:56'),
(140, 'KALPATARU AURA', 1, 0, 1, '2023-06-12 18:12:56', 1, '2023-06-12 18:12:56'),
(141, 'KALYAN', 1, 0, 1, '2023-06-12 18:12:56', 1, '2023-06-12 18:12:56'),
(142, 'KAMA LANE', 1, 0, 1, '2023-06-12 18:12:56', 1, '2023-06-12 18:12:56'),
(143, 'KANDIVALI', 1, 0, 1, '2023-06-12 18:12:56', 1, '2023-06-12 18:12:56'),
(144, 'KANDIVLI', 1, 0, 1, '2023-06-12 18:12:56', 1, '2023-06-12 18:12:56'),
(145, 'KANJURMARG [E]', 1, 0, 1, '2023-06-12 18:12:56', 1, '2023-06-12 18:12:56'),
(146, 'KANJURMARG [W]', 1, 0, 1, '2023-06-12 18:12:56', 1, '2023-06-12 18:12:56'),
(147, 'KANNAMWAR NAGAR', 1, 0, 1, '2023-06-12 18:12:56', 1, '2023-06-12 18:12:56'),
(148, 'KANTA APARTMENT', 1, 0, 1, '2023-06-12 18:12:56', 1, '2023-06-12 18:12:56'),
(149, 'KARANATAK', 1, 0, 1, '2023-06-12 18:12:56', 1, '2023-06-12 18:12:56'),
(150, 'KARANI LANE', 1, 0, 1, '2023-06-12 18:12:56', 1, '2023-06-12 18:12:56'),
(151, 'KARNATAK', 1, 0, 1, '2023-06-12 18:12:56', 1, '2023-06-12 18:12:56'),
(152, 'KENYA', 1, 0, 1, '2023-06-12 18:12:56', 1, '2023-06-12 18:12:56'),
(153, 'KERALA', 1, 0, 1, '2023-06-12 18:12:56', 1, '2023-06-12 18:12:56'),
(154, 'KHAMGAON', 1, 0, 1, '2023-06-12 18:12:56', 1, '2023-06-12 18:12:56'),
(155, 'KHAR', 1, 0, 1, '2023-06-12 18:12:56', 1, '2023-06-12 18:12:56'),
(156, 'KHAR ROAD', 1, 0, 1, '2023-06-12 18:12:56', 1, '2023-06-12 18:12:56'),
(157, 'KHAR [W]', 1, 0, 1, '2023-06-12 18:12:56', 1, '2023-06-12 18:12:56'),
(158, 'KHARGHAR', 1, 0, 1, '2023-06-12 18:12:56', 1, '2023-06-12 18:12:56'),
(159, 'KHOKHANI LANE', 1, 0, 1, '2023-06-12 18:12:56', 1, '2023-06-12 18:12:56'),
(160, 'KHOT LANE', 1, 0, 1, '2023-06-12 18:12:56', 1, '2023-06-12 18:12:56'),
(161, 'KING CIRCLE', 1, 0, 1, '2023-06-12 18:12:56', 1, '2023-06-12 18:12:56'),
(162, 'KINGS CIRCLE', 1, 0, 1, '2023-06-12 18:12:56', 1, '2023-06-12 18:12:56'),
(163, 'KIROL CROSS ROAD', 1, 0, 1, '2023-06-12 18:12:56', 1, '2023-06-12 18:12:56'),
(164, 'KOLHAPUR', 1, 0, 1, '2023-06-12 18:12:56', 1, '2023-06-12 18:12:56'),
(165, 'KOLIWADA', 1, 0, 1, '2023-06-12 18:12:56', 1, '2023-06-12 18:12:56'),
(166, 'KOLKATA', 1, 0, 1, '2023-06-12 18:12:56', 1, '2023-06-12 18:12:56'),
(167, 'KRUSHAL TOWER', 1, 0, 1, '2023-06-12 18:12:56', 1, '2023-06-12 18:12:56'),
(168, 'KURLA', 1, 0, 1, '2023-06-12 18:12:56', 1, '2023-06-12 18:12:56'),
(169, 'KURLA [E]', 1, 0, 1, '2023-06-12 18:12:56', 1, '2023-06-12 18:12:56'),
(170, 'KURLA [W]', 1, 0, 1, '2023-06-12 18:12:56', 1, '2023-06-12 18:12:56'),
(171, 'KURLAMOSES ROAD', 1, 0, 1, '2023-06-12 18:12:56', 1, '2023-06-12 18:12:56'),
(172, 'L. T. ROAD', 1, 0, 1, '2023-06-12 18:12:56', 1, '2023-06-12 18:12:56'),
(173, 'L.B.S. MARG', 1, 0, 1, '2023-06-12 18:12:56', 1, '2023-06-12 18:12:56'),
(174, 'L.B.S.MARG', 1, 0, 1, '2023-06-12 18:12:56', 1, '2023-06-12 18:12:56'),
(175, 'LADAKH', 1, 0, 1, '2023-06-12 18:12:56', 1, '2023-06-12 18:12:56'),
(176, 'LALBAUG', 1, 0, 1, '2023-06-12 18:12:56', 1, '2023-06-12 18:12:56'),
(177, 'LATUR', 1, 0, 1, '2023-06-12 18:12:56', 1, '2023-06-12 18:12:56'),
(178, 'LINKING ROAD', 1, 0, 1, '2023-06-12 18:12:56', 1, '2023-06-12 18:12:56'),
(179, 'LOKANDWALA', 1, 0, 1, '2023-06-12 18:12:56', 1, '2023-06-12 18:12:56'),
(180, 'LOKMANYA TILAK ROAD', 1, 0, 1, '2023-06-12 18:12:56', 1, '2023-06-12 18:12:56'),
(181, 'LONDON', 1, 0, 1, '2023-06-12 18:12:56', 1, '2023-06-12 18:12:56'),
(182, 'LOWER PAREL', 1, 0, 1, '2023-06-12 18:12:56', 1, '2023-06-12 18:12:56'),
(183, 'LUCKNOW', 1, 0, 1, '2023-06-12 18:12:56', 1, '2023-06-12 18:12:56'),
(184, 'LUDHIANA', 1, 0, 1, '2023-06-12 18:12:56', 1, '2023-06-12 18:12:56'),
(185, 'M.G.ROAD', 1, 0, 1, '2023-06-12 18:12:56', 1, '2023-06-12 18:12:56'),
(186, 'M.J.MARKET', 1, 0, 1, '2023-06-12 18:12:56', 1, '2023-06-12 18:12:56'),
(187, 'M.P.VAIDYA MARG', 1, 0, 1, '2023-06-12 18:12:56', 1, '2023-06-12 18:12:56'),
(188, 'MADHURAI', 1, 0, 1, '2023-06-12 18:12:56', 1, '2023-06-12 18:12:56'),
(189, 'MAHIM', 1, 0, 1, '2023-06-12 18:12:56', 1, '2023-06-12 18:12:56'),
(190, 'MAITRI PARK', 1, 0, 1, '2023-06-12 18:12:56', 1, '2023-06-12 18:12:56'),
(191, 'MALAD', 1, 0, 1, '2023-06-12 18:12:56', 1, '2023-06-12 18:12:56'),
(192, 'MANEKLAL ESTATE', 1, 0, 1, '2023-06-12 18:12:56', 1, '2023-06-12 18:12:56'),
(193, 'MANPADA ROAD', 1, 0, 1, '2023-06-12 18:12:56', 1, '2023-06-12 18:12:56'),
(194, 'MANTHA', 1, 0, 1, '2023-06-12 18:12:56', 1, '2023-06-12 18:12:56'),
(195, 'MARINE LINES', 1, 0, 1, '2023-06-12 18:12:56', 1, '2023-06-12 18:12:56'),
(196, 'MASJID', 1, 0, 1, '2023-06-12 18:12:56', 1, '2023-06-12 18:12:56'),
(197, 'MATUNGA', 1, 0, 1, '2023-06-12 18:12:56', 1, '2023-06-12 18:12:56'),
(198, 'MAZGAON', 1, 0, 1, '2023-06-12 18:12:56', 1, '2023-06-12 18:12:56'),
(199, 'MEHASANA', 1, 0, 1, '2023-06-12 18:12:56', 1, '2023-06-12 18:12:56'),
(200, 'MIRA ROAD', 1, 0, 1, '2023-06-12 18:12:56', 1, '2023-06-12 18:12:56'),
(201, 'MULUND', 1, 0, 1, '2023-06-12 18:12:56', 1, '2023-06-12 18:12:56'),
(202, 'MULUND (W)', 1, 0, 1, '2023-06-12 18:12:56', 1, '2023-06-12 18:12:56'),
(203, 'MULUND [E]', 1, 0, 1, '2023-06-12 18:12:56', 1, '2023-06-12 18:12:56'),
(204, 'MUMBAI', 1, 0, 1, '2023-06-12 18:12:56', 1, '2023-06-12 18:12:56'),
(205, 'N.C.KELKAR ROAD', 1, 0, 1, '2023-06-12 18:12:56', 1, '2023-06-12 18:12:56'),
(206, 'NA', 1, 0, 1, '2023-06-12 18:12:56', 1, '2023-06-12 18:12:56'),
(207, 'NAGPUR', 1, 0, 1, '2023-06-12 18:12:56', 1, '2023-06-12 18:12:56'),
(208, 'NAHUR ROAD', 1, 0, 1, '2023-06-12 18:12:56', 1, '2023-06-12 18:12:56'),
(209, 'NAIGAUM CROSS ROAD', 1, 0, 1, '2023-06-12 18:12:56', 1, '2023-06-12 18:12:56'),
(210, 'NALLA SOPARA', 1, 0, 1, '2023-06-12 18:12:56', 1, '2023-06-12 18:12:56'),
(211, 'NANDA PATKAR ROAD', 1, 0, 1, '2023-06-12 18:12:56', 1, '2023-06-12 18:12:56'),
(212, 'NANDED', 1, 0, 1, '2023-06-12 18:12:56', 1, '2023-06-12 18:12:56'),
(213, 'NAPEANSEA ROAD', 1, 0, 1, '2023-06-12 18:12:56', 1, '2023-06-12 18:12:56'),
(214, 'NARSHEE NATHA STREET', 1, 0, 1, '2023-06-12 18:12:56', 1, '2023-06-12 18:12:56'),
(215, 'NASHIK', 1, 0, 1, '2023-06-12 18:12:56', 1, '2023-06-12 18:12:56'),
(216, 'NASIK', 1, 0, 1, '2023-06-12 18:12:56', 1, '2023-06-12 18:12:56'),
(217, 'NATH PAI NAGAR', 1, 0, 1, '2023-06-12 18:12:56', 1, '2023-06-12 18:12:56'),
(218, 'NAVI MUMBAI', 1, 0, 1, '2023-06-12 18:12:56', 1, '2023-06-12 18:12:56'),
(219, 'NAVJIVAN', 1, 0, 1, '2023-06-12 18:12:56', 1, '2023-06-12 18:12:56'),
(220, 'NAVROJI LANE', 1, 0, 1, '2023-06-12 18:12:56', 1, '2023-06-12 18:12:56'),
(221, 'NEAR JOLLY GYMKHANA,', 1, 0, 1, '2023-06-12 18:12:56', 1, '2023-06-12 18:12:56'),
(222, 'NEHRU NAGAR', 1, 0, 1, '2023-06-12 18:12:56', 1, '2023-06-12 18:12:56'),
(223, 'NEHRU ROAD', 1, 0, 1, '2023-06-12 18:12:56', 1, '2023-06-12 18:12:56'),
(224, 'NEPEANSEA ROAD', 1, 0, 1, '2023-06-12 18:12:56', 1, '2023-06-12 18:12:56'),
(225, 'NERUL', 1, 0, 1, '2023-06-12 18:12:56', 1, '2023-06-12 18:12:56'),
(226, 'NEW MANEKLAL ESTATE', 1, 0, 1, '2023-06-12 18:12:56', 1, '2023-06-12 18:12:56'),
(227, 'NEW MARINE LINES', 1, 0, 1, '2023-06-12 18:12:56', 1, '2023-06-12 18:12:56'),
(228, 'NEW PANVEL', 1, 0, 1, '2023-06-12 18:12:56', 1, '2023-06-12 18:12:56'),
(229, 'NEW ZEALAND', 1, 0, 1, '2023-06-12 18:12:56', 1, '2023-06-12 18:12:56'),
(230, 'NILKANTH TOWER', 1, 0, 1, '2023-06-12 18:12:56', 1, '2023-06-12 18:12:56'),
(231, 'NILKANTH VALLEY', 1, 0, 1, '2023-06-12 18:12:56', 1, '2023-06-12 18:12:56'),
(232, 'NIZAMABAD', 1, 0, 1, '2023-06-12 18:12:56', 1, '2023-06-12 18:12:56'),
(233, 'ODEAN CINEMA', 1, 0, 1, '2023-06-12 18:12:56', 1, '2023-06-12 18:12:56'),
(234, 'OGHADBHAI LANE', 1, 0, 1, '2023-06-12 18:12:56', 1, '2023-06-12 18:12:56'),
(235, 'OUT OF INDIA', 1, 0, 1, '2023-06-12 18:12:56', 1, '2023-06-12 18:12:56'),
(236, 'OUT OF MUMBAI', 1, 0, 1, '2023-06-12 18:12:56', 1, '2023-06-12 18:12:56'),
(237, 'P.K.ROAD', 1, 0, 1, '2023-06-12 18:12:56', 1, '2023-06-12 18:12:56'),
(238, 'PALGHAR', 1, 0, 1, '2023-06-12 18:12:56', 1, '2023-06-12 18:12:56'),
(239, 'PALI(RAIGAD)', 1, 0, 1, '2023-06-12 18:12:56', 1, '2023-06-12 18:12:56'),
(240, 'PANT NAGAR', 1, 0, 1, '2023-06-12 18:12:56', 1, '2023-06-12 18:12:56'),
(241, 'PANVEL', 1, 0, 1, '2023-06-12 18:12:56', 1, '2023-06-12 18:12:56'),
(242, 'PARBHANI', 1, 0, 1, '2023-06-12 18:12:56', 1, '2023-06-12 18:12:56'),
(243, 'PAREL', 1, 0, 1, '2023-06-12 18:12:56', 1, '2023-06-12 18:12:56'),
(244, 'PARLA', 1, 0, 1, '2023-06-12 18:12:56', 1, '2023-06-12 18:12:56'),
(245, 'PESTOM SAGAR', 1, 0, 1, '2023-06-12 18:12:56', 1, '2023-06-12 18:12:56'),
(246, 'POLICE QUARTERS', 1, 0, 1, '2023-06-12 18:12:56', 1, '2023-06-12 18:12:56'),
(247, 'POSTAL COLONY ROAD', 1, 0, 1, '2023-06-12 18:12:56', 1, '2023-06-12 18:12:56'),
(248, 'POWAI', 1, 0, 1, '2023-06-12 18:12:56', 1, '2023-06-12 18:12:56'),
(249, 'PRABHADEVI', 1, 0, 1, '2023-06-12 18:12:56', 1, '2023-06-12 18:12:56'),
(250, 'PUNE', 1, 0, 1, '2023-06-12 18:12:56', 1, '2023-06-12 18:12:56'),
(251, 'R.B.MEHTA MARG', 1, 0, 1, '2023-06-12 18:12:56', 1, '2023-06-12 18:12:56'),
(252, 'R.C.MARG', 1, 0, 1, '2023-06-12 18:12:56', 1, '2023-06-12 18:12:56'),
(253, 'R.K.STUDIO', 1, 0, 1, '2023-06-12 18:12:56', 1, '2023-06-12 18:12:56'),
(254, 'R.N.NARKAR MARG', 1, 0, 1, '2023-06-12 18:12:56', 1, '2023-06-12 18:12:56'),
(255, 'RAIGAD', 1, 0, 1, '2023-06-12 18:12:56', 1, '2023-06-12 18:12:56'),
(256, 'RAIPUR', 1, 0, 1, '2023-06-12 18:12:56', 1, '2023-06-12 18:12:56'),
(257, 'RAJASTHAN', 1, 0, 1, '2023-06-12 18:12:56', 1, '2023-06-12 18:12:56'),
(258, 'RAJAWADI', 1, 0, 1, '2023-06-12 18:12:56', 1, '2023-06-12 18:12:56'),
(259, 'RAJKOT', 1, 0, 1, '2023-06-12 18:12:56', 1, '2023-06-12 18:12:56'),
(260, 'RAMBAANLANE', 1, 0, 1, '2023-06-12 18:12:56', 1, '2023-06-12 18:12:56'),
(261, 'RANCHI', 1, 0, 1, '2023-06-12 18:12:56', 1, '2023-06-12 18:12:56'),
(262, 'REAY ROAD', 1, 0, 1, '2023-06-12 18:12:56', 1, '2023-06-12 18:12:56'),
(263, 'S.L. ROAD', 1, 0, 1, '2023-06-12 18:12:56', 1, '2023-06-12 18:12:56'),
(264, 'S.NAIDU ROAD', 1, 0, 1, '2023-06-12 18:12:56', 1, '2023-06-12 18:12:56'),
(265, 'SAKI-NAKA', 1, 0, 1, '2023-06-12 18:12:56', 1, '2023-06-12 18:12:56'),
(266, 'SANDURST ROAD', 1, 0, 1, '2023-06-12 18:12:56', 1, '2023-06-12 18:12:56'),
(267, 'SANGHANI ESTATE', 1, 0, 1, '2023-06-12 18:12:56', 1, '2023-06-12 18:12:56'),
(268, 'SANGLI', 1, 0, 1, '2023-06-12 18:12:56', 1, '2023-06-12 18:12:56'),
(269, 'SANPADA', 1, 0, 1, '2023-06-12 18:12:56', 1, '2023-06-12 18:12:56'),
(270, 'SANTACRUZ', 1, 0, 1, '2023-06-12 18:12:56', 1, '2023-06-12 18:12:56'),
(271, 'SANTACRUZ [W]', 1, 0, 1, '2023-06-12 18:12:56', 1, '2023-06-12 18:12:56'),
(272, 'SARVODAYA', 1, 0, 1, '2023-06-12 18:12:56', 1, '2023-06-12 18:12:56'),
(273, 'SARVODAYA NAGAR', 1, 0, 1, '2023-06-12 18:12:56', 1, '2023-06-12 18:12:56'),
(274, 'SEDAM', 1, 0, 1, '2023-06-12 18:12:56', 1, '2023-06-12 18:12:56'),
(275, 'SENAPATI BAPAT MARG', 1, 0, 1, '2023-06-12 18:12:56', 1, '2023-06-12 18:12:56'),
(276, 'SHANTI PARK', 1, 0, 1, '2023-06-12 18:12:56', 1, '2023-06-12 18:12:56'),
(277, 'SHELL COLONY', 1, 0, 1, '2023-06-12 18:12:56', 1, '2023-06-12 18:12:56'),
(278, 'SHIVADI', 1, 0, 1, '2023-06-12 18:12:56', 1, '2023-06-12 18:12:56'),
(279, 'SHIVAJI PARK', 1, 0, 1, '2023-06-12 18:12:56', 1, '2023-06-12 18:12:56'),
(280, 'SHREYAS', 1, 0, 1, '2023-06-12 18:12:56', 1, '2023-06-12 18:12:56'),
(281, 'SHREYAS CINEMA', 1, 0, 1, '2023-06-12 18:12:56', 1, '2023-06-12 18:12:56'),
(282, 'SINDHI SOCIETY', 1, 0, 1, '2023-06-12 18:12:56', 1, '2023-06-12 18:12:56'),
(283, 'SION', 1, 0, 1, '2023-06-12 18:12:56', 1, '2023-06-12 18:12:56'),
(284, 'SION TROMBAY ROAD', 1, 0, 1, '2023-06-12 18:12:56', 1, '2023-06-12 18:12:56'),
(285, 'SOLAPUR', 1, 0, 1, '2023-06-12 18:12:56', 1, '2023-06-12 18:12:56'),
(286, 'STATION ROAD', 1, 0, 1, '2023-06-12 18:12:56', 1, '2023-06-12 18:12:56'),
(287, 'SUDHA PARK', 1, 0, 1, '2023-06-12 18:12:56', 1, '2023-06-12 18:12:56'),
(288, 'SURAT', 1, 0, 1, '2023-06-12 18:12:56', 1, '2023-06-12 18:12:56'),
(289, 'SWASTIK PARK [CHEMBU', 1, 0, 1, '2023-06-12 18:12:56', 1, '2023-06-12 18:12:56'),
(290, 'TAGORE NAGAR', 1, 0, 1, '2023-06-12 18:12:56', 1, '2023-06-12 18:12:56'),
(291, 'TAGORE ROAD', 1, 0, 1, '2023-06-12 18:12:56', 1, '2023-06-12 18:12:56'),
(292, 'TARDEO', 1, 0, 1, '2023-06-12 18:12:56', 1, '2023-06-12 18:12:56'),
(293, 'TELANG ROAD', 1, 0, 1, '2023-06-12 18:12:56', 1, '2023-06-12 18:12:56'),
(294, 'THANE', 1, 0, 1, '2023-06-12 18:12:56', 1, '2023-06-12 18:12:56'),
(295, 'TILAK NAGAR', 1, 0, 1, '2023-06-12 18:12:56', 1, '2023-06-12 18:12:56'),
(296, 'TILAK ROAD', 1, 0, 1, '2023-06-12 18:12:56', 1, '2023-06-12 18:12:56'),
(297, 'TIRUPUR', 1, 0, 1, '2023-06-12 18:12:56', 1, '2023-06-12 18:12:56'),
(298, 'U.K.', 1, 0, 1, '2023-06-12 18:12:56', 1, '2023-06-12 18:12:56'),
(299, 'U.S.A', 1, 0, 1, '2023-06-12 18:12:56', 1, '2023-06-12 18:12:56'),
(300, 'UDAYPUR', 1, 0, 1, '2023-06-12 18:12:56', 1, '2023-06-12 18:12:56'),
(301, 'UDHNA', 1, 0, 1, '2023-06-12 18:12:56', 1, '2023-06-12 18:12:56'),
(302, 'ULHASNAGAR', 1, 0, 1, '2023-06-12 18:12:56', 1, '2023-06-12 18:12:56'),
(303, 'UNION PARK', 1, 0, 1, '2023-06-12 18:12:56', 1, '2023-06-12 18:12:56'),
(304, 'UNJHA', 1, 0, 1, '2023-06-12 18:12:56', 1, '2023-06-12 18:12:56'),
(305, 'V.N.PURAV MARG', 1, 0, 1, '2023-06-12 18:12:56', 1, '2023-06-12 18:12:56'),
(306, 'VADODARA', 1, 0, 1, '2023-06-12 18:12:56', 1, '2023-06-12 18:12:56'),
(307, 'VAKANER', 1, 0, 1, '2023-06-12 18:12:56', 1, '2023-06-12 18:12:56'),
(308, 'VALJI LADHA ROAD', 1, 0, 1, '2023-06-12 18:12:56', 1, '2023-06-12 18:12:56'),
(309, 'VALLABH BAG EXT.', 1, 0, 1, '2023-06-12 18:12:56', 1, '2023-06-12 18:12:56'),
(310, 'VALLABH BAUG LANE', 1, 0, 1, '2023-06-12 18:12:56', 1, '2023-06-12 18:12:56'),
(311, 'VALLABHBHAI RD.', 1, 0, 1, '2023-06-12 18:12:56', 1, '2023-06-12 18:12:56'),
(312, 'VAPI', 1, 0, 1, '2023-06-12 18:12:56', 1, '2023-06-12 18:12:56'),
(313, 'VARANASI', 1, 0, 1, '2023-06-12 18:12:56', 1, '2023-06-12 18:12:56'),
(314, 'VASAI [W]', 1, 0, 1, '2023-06-12 18:12:56', 1, '2023-06-12 18:12:56'),
(315, 'VASHI', 1, 0, 1, '2023-06-12 18:12:56', 1, '2023-06-12 18:12:56'),
(316, 'VIDYAVIHAR', 1, 0, 1, '2023-06-12 18:12:56', 1, '2023-06-12 18:12:56'),
(317, 'VIKHROLI', 1, 0, 1, '2023-06-12 18:12:56', 1, '2023-06-12 18:12:56'),
(318, 'VIKRANT CIRCLE', 1, 0, 1, '2023-06-12 18:12:56', 1, '2023-06-12 18:12:56'),
(319, 'VILE PARLE', 1, 0, 1, '2023-06-12 18:12:56', 1, '2023-06-12 18:12:56'),
(320, 'VIRAR', 1, 0, 1, '2023-06-12 18:12:56', 1, '2023-06-12 18:12:56'),
(321, 'VISHNU NAGAR', 1, 0, 1, '2023-06-12 18:12:56', 1, '2023-06-12 18:12:56'),
(322, 'WADALA', 1, 0, 1, '2023-06-12 18:12:56', 1, '2023-06-12 18:12:56'),
(323, 'WADALA [W]', 1, 0, 1, '2023-06-12 18:12:56', 1, '2023-06-12 18:12:56'),
(324, 'WALKESHWAR', 1, 0, 1, '2023-06-12 18:12:56', 1, '2023-06-12 18:12:56'),
(325, 'WARANGAL', 1, 0, 1, '2023-06-12 18:12:56', 1, '2023-06-12 18:12:56'),
(326, 'WORLI', 1, 0, 1, '2023-06-12 18:12:56', 1, '2023-06-12 18:12:56'),
(327, 'ZAVER ROAD', 1, 0, 1, '2023-06-12 18:12:56', 1, '2023-06-12 18:12:56'),
(328, 'ZAVERI BAZAR', 1, 0, 1, '2023-06-12 18:12:56', 1, '2023-06-12 18:12:56'),
(329, 'nafff', 1, 0, 2, '2024-06-24 15:30:59', 2, '2024-06-24 06:00:59'),
(330, 'GURUGRAM', 1, 0, 2, '2025-05-09 18:22:59', 2, '2025-05-09 08:52:59'),
(331, 'FARIDABAD', 1, 0, 2, '2025-05-09 18:23:16', 2, '2025-05-09 08:53:16'),
(332, 'NEW DELHI', 1, 0, 2, '2025-05-11 17:12:58', 2, '2025-05-11 07:42:58');

-- --------------------------------------------------------

--
-- Table structure for table `color_master`
--

CREATE TABLE `color_master` (
  `color_id` int(11) NOT NULL,
  `color_name` varchar(50) NOT NULL,
  `color_status` tinyint(4) NOT NULL,
  `color_default` tinyint(4) NOT NULL,
  `color_created_by` int(11) NOT NULL,
  `color_created_at` datetime NOT NULL,
  `color_updated_by` int(11) NOT NULL,
  `color_updated_at` datetime NOT NULL
) ENGINE=InnoDB DEFAULT CHARSET=utf8 COLLATE=utf8_general_ci;

--
-- Dumping data for table `color_master`
--

INSERT INTO `color_master` (`color_id`, `color_name`, `color_status`, `color_default`, `color_created_by`, `color_created_at`, `color_updated_by`, `color_updated_at`) VALUES
(1, 'BLACK', 1, 0, 2, '2025-05-09 16:37:46', 2, '0000-00-00 00:00:00'),
(2, 'WHITE', 1, 0, 2, '2025-05-09 16:37:56', 2, '0000-00-00 00:00:00'),
(3, 'GREY', 1, 0, 2, '2025-05-09 16:38:16', 2, '0000-00-00 00:00:00'),
(4, 'BROWN', 1, 0, 2, '2025-05-09 16:38:30', 2, '0000-00-00 00:00:00'),
(5, 'MAROON', 1, 0, 2, '2025-05-09 18:40:28', 2, '0000-00-00 00:00:00'),
(6, 'RED', 1, 0, 2, '2025-05-09 18:40:37', 2, '0000-00-00 00:00:00'),
(7, 'CREAM', 1, 0, 2, '2025-05-09 18:40:43', 2, '0000-00-00 00:00:00'),
(8, 'KHAKI', 1, 0, 2, '2025-05-09 18:40:51', 2, '0000-00-00 00:00:00'),
(9, 'BEIGE', 1, 0, 2, '2025-05-09 18:40:57', 2, '0000-00-00 00:00:00'),
(10, 'BLUE', 1, 0, 2, '2025-05-09 18:41:34', 2, '0000-00-00 00:00:00'),
(11, 'PURPLE', 1, 0, 2, '2025-05-11 17:40:59', 2, '0000-00-00 00:00:00'),
(12, 'multi', 1, 0, 2, '2025-05-18 14:24:43', 2, '0000-00-00 00:00:00'),
(13, 'sky blue', 1, 0, 2, '2025-05-23 14:34:17', 2, '0000-00-00 00:00:00');

-- --------------------------------------------------------

--
-- Table structure for table `company_master`
--

CREATE TABLE `company_master` (
  `company_id` int(11) NOT NULL,
  `company_initial` varchar(200) NOT NULL,
  `company_name` varchar(200) NOT NULL,
  `company_person` varchar(20) NOT NULL,
  `company_address` text NOT NULL,
  `company_pincode` varchar(50) NOT NULL,
  `company_city_id` int(11) NOT NULL,
  `company_state_id` int(11) NOT NULL,
  `company_country_id` int(11) NOT NULL,
  `company_mobile` varchar(10) NOT NULL,
  `company_phone1` varchar(10) NOT NULL,
  `company_phone2` varchar(10) NOT NULL,
  `company_email` varchar(50) NOT NULL,
  `company_code` varchar(10) NOT NULL,
  `company_gstin` varchar(20) NOT NULL,
  `company_base_url` text NOT NULL,
  `company_protocol` varchar(20) NOT NULL,
  `company_smtp_host` varchar(50) NOT NULL,
  `company_smtp_port` varchar(20) NOT NULL,
  `company_smtp_user` varchar(50) NOT NULL,
  `company_smtp_pass` varchar(50) NOT NULL,
  `company_test_email` varchar(50) NOT NULL,
  `company_status` tinyint(4) NOT NULL DEFAULT 1,
  `company_constant` varchar(50) NOT NULL,
  `company_created_by` int(11) NOT NULL,
  `company_created_at` datetime NOT NULL,
  `company_updated_by` int(11) NOT NULL,
  `company_updated_at` datetime NOT NULL DEFAULT current_timestamp() ON UPDATE current_timestamp()
) ENGINE=InnoDB DEFAULT CHARSET=utf8 COLLATE=utf8_general_ci;

--
-- Dumping data for table `company_master`
--

INSERT INTO `company_master` (`company_id`, `company_initial`, `company_name`, `company_person`, `company_address`, `company_pincode`, `company_city_id`, `company_state_id`, `company_country_id`, `company_mobile`, `company_phone1`, `company_phone2`, `company_email`, `company_code`, `company_gstin`, `company_base_url`, `company_protocol`, `company_smtp_host`, `company_smtp_port`, `company_smtp_user`, `company_smtp_pass`, `company_test_email`, `company_status`, `company_constant`, `company_created_by`, `company_created_at`, `company_updated_by`, `company_updated_at`) VALUES
(1, 'c u', 'CORPORATE UNIFORM', '', '', '', 204, 20, 1, '', '', '', '', '', 'xxxxxxx', 'http://localhost/office/corporate_uniform/', '', '', '', '', '', '', 1, 'SOURCE_COMPANY', 1, '2022-03-05 19:49:43', 1, '2025-06-03 19:12:21');

-- --------------------------------------------------------

--
-- Table structure for table `cost_char_master`
--

CREATE TABLE `cost_char_master` (
  `cost_char_id` int(11) NOT NULL,
  `cost_char_1` char(4) NOT NULL,
  `cost_char_2` char(4) NOT NULL,
  `cost_char_3` char(4) NOT NULL,
  `cost_char_4` char(4) NOT NULL,
  `cost_char_5` char(4) NOT NULL,
  `cost_char_6` char(4) NOT NULL,
  `cost_char_7` char(4) NOT NULL,
  `cost_char_8` char(4) NOT NULL,
  `cost_char_9` char(4) NOT NULL,
  `cost_char_0` char(4) NOT NULL,
  `cost_char_created_by` int(11) NOT NULL,
  `cost_char_created_at` datetime NOT NULL,
  `cost_char_updated_by` int(11) NOT NULL,
  `cost_char_updated_at` datetime NOT NULL
) ENGINE=InnoDB DEFAULT CHARSET=utf8 COLLATE=utf8_general_ci;

-- --------------------------------------------------------

--
-- Table structure for table `country_master`
--

CREATE TABLE `country_master` (
  `country_id` int(11) NOT NULL,
  `country_name` varchar(150) NOT NULL,
  `country_status` tinyint(4) NOT NULL DEFAULT 1,
  `country_default` tinyint(4) NOT NULL,
  `country_created_by` int(11) NOT NULL,
  `country_created_at` datetime NOT NULL,
  `country_updated_by` int(11) NOT NULL,
  `country_updated_at` datetime NOT NULL DEFAULT current_timestamp() ON UPDATE current_timestamp()
) ENGINE=InnoDB DEFAULT CHARSET=utf8 COLLATE=utf8_general_ci;

--
-- Dumping data for table `country_master`
--

INSERT INTO `country_master` (`country_id`, `country_name`, `country_status`, `country_default`, `country_created_by`, `country_created_at`, `country_updated_by`, `country_updated_at`) VALUES
(1, 'India', 1, 1, 0, '0000-00-00 00:00:00', 2, '2021-09-06 21:17:49'),
(2, 'test', 1, 0, 1, '2022-06-30 16:02:00', 1, '2022-06-30 16:02:00');

-- --------------------------------------------------------

--
-- Table structure for table `customer_attachment_trans`
--

CREATE TABLE `customer_attachment_trans` (
  `cat_id` int(11) NOT NULL,
  `cat_customer_id` int(11) NOT NULL,
  `cat_path` text NOT NULL,
  `cat_created_by` int(11) NOT NULL,
  `cat_created_at` datetime NOT NULL,
  `cat_updated_by` int(11) NOT NULL,
  `cat_updated_at` datetime NOT NULL DEFAULT current_timestamp() ON UPDATE current_timestamp()
) ENGINE=InnoDB DEFAULT CHARSET=utf8 COLLATE=utf8_general_ci;

-- --------------------------------------------------------

--
-- Table structure for table `customer_master`
--

CREATE TABLE `customer_master` (
  `customer_id` int(11) NOT NULL,
  `customer_uuid` varchar(50) NOT NULL,
  `customer_no` int(11) DEFAULT NULL,
  `customer_name` varchar(50) NOT NULL,
  `customer_contact_person` varchar(50) DEFAULT NULL,
  `customer_mobile` varchar(15) NOT NULL,
  `customer_same_as_mobile` tinyint(4) NOT NULL,
  `customer_whatsapp` varchar(10) NOT NULL,
  `customer_phone1` varchar(50) DEFAULT NULL,
  `customer_phone2` varchar(50) NOT NULL,
  `customer_email` varchar(50) NOT NULL,
  `customer_cpt_id` int(11) NOT NULL,
  `customer_disc_per` double(16,2) NOT NULL,
  `customer_credit_amt` double(16,2) NOT NULL,
  `customer_credit_day` int(11) NOT NULL,
  `customer_opening_amt` double(16,2) NOT NULL,
  `customer_gst_no` varchar(20) NOT NULL,
  `customer_pan_no` varchar(20) DEFAULT NULL,
  `customer_proof_no` varchar(20) DEFAULT NULL,
  `customer_refer_type` varchar(20) NOT NULL DEFAULT 'OTHER',
  `customer_refer_by` varchar(20) NOT NULL,
  `customer_refer_id` int(11) NOT NULL,
  `customer_birth_date` varchar(10) DEFAULT NULL,
  `customer_anniversary_date` varchar(10) DEFAULT NULL,
  `customer_type` varchar(20) NOT NULL,
  `customer_type_id` int(11) DEFAULT NULL,
  `customer_address` text DEFAULT NULL,
  `customer_city_id` int(11) DEFAULT NULL,
  `customer_state_id` int(11) DEFAULT NULL,
  `customer_country_id` int(11) DEFAULT NULL,
  `customer_pincode` varchar(10) NOT NULL,
  `customer_office_address` text DEFAULT NULL,
  `customer_office_phone` varchar(50) DEFAULT NULL,
  `customer_sms_service` tinyint(4) NOT NULL,
  `customer_whatsapp_service` tinyint(4) NOT NULL,
  `customer_email_service` tinyint(4) NOT NULL,
  `customer_dnd_service` tinyint(4) NOT NULL,
  `customer_status` tinyint(4) NOT NULL DEFAULT 1,
  `customer_created_by` int(11) NOT NULL,
  `customer_created_at` datetime NOT NULL,
  `customer_updated_by` int(11) NOT NULL,
  `customer_updated_at` datetime NOT NULL DEFAULT current_timestamp() ON UPDATE current_timestamp(),
  `customer_deleted_by` int(11) NOT NULL,
  `customer_deleted_at` datetime DEFAULT NULL
) ENGINE=InnoDB DEFAULT CHARSET=utf8 COLLATE=utf8_general_ci;

-- --------------------------------------------------------

--
-- Table structure for table `customer_measurement_trans`
--

CREATE TABLE `customer_measurement_trans` (
  `cmt_id` int(11) NOT NULL,
  `cmt_om_uuid` varchar(50) NOT NULL,
  `cmt_obm_uuid` varchar(50) NOT NULL,
  `cmt_em_uuid` varchar(50) NOT NULL,
  `cmt_customer_uuid` varchar(50) NOT NULL,
  `cmt_measurement_id` int(11) DEFAULT NULL,
  `cmt_customer_id` int(11) DEFAULT NULL,
  `cmt_apparel_id` int(11) DEFAULT NULL,
  `cmt_value1` varchar(50) DEFAULT NULL,
  `cmt_value2` varchar(50) DEFAULT NULL,
  `cmt_remark` text DEFAULT NULL,
  `cmt_is_exist` int(11) DEFAULT NULL,
  `cmt_om_id` int(11) NOT NULL,
  `cmt_ot_id` int(11) NOT NULL,
  `cmt_obm_id` int(11) NOT NULL,
  `cmt_obt_id` int(11) NOT NULL,
  `cmt_em_id` int(11) NOT NULL,
  `cmt_et_id` int(11) NOT NULL,
  `cmt_bill_no` varchar(50) NOT NULL,
  `cmt_bill_date` varchar(50) NOT NULL,
  `cmt_created_by` int(11) NOT NULL,
  `cmt_created_at` datetime NOT NULL,
  `cmt_updated_by` int(11) NOT NULL,
  `cmt_updated_at` datetime NOT NULL,
  `cmt_delete_status` tinyint(4) DEFAULT 0
) ENGINE=InnoDB DEFAULT CHARSET=utf8 COLLATE=utf8_general_ci;

-- --------------------------------------------------------

--
-- Table structure for table `customer_style_image_trans`
--

CREATE TABLE `customer_style_image_trans` (
  `csit_id` int(11) NOT NULL,
  `csit_om_uuid` varchar(50) NOT NULL,
  `csit_obm_uuid` varchar(50) NOT NULL,
  `csit_em_uuid` varchar(50) NOT NULL,
  `csit_customer_uuid` varchar(50) NOT NULL,
  `csit_customer_id` int(11) NOT NULL,
  `csit_apparel_id` int(11) DEFAULT NULL,
  `csit_spt_id` int(11) NOT NULL,
  `csit_ast_id` int(11) NOT NULL,
  `csit_om_id` int(11) NOT NULL,
  `csit_ot_id` int(11) NOT NULL,
  `csit_obm_id` int(11) NOT NULL,
  `csit_obt_id` int(11) NOT NULL,
  `csit_em_id` int(11) NOT NULL,
  `csit_et_id` int(11) NOT NULL,
  `csit_bill_no` varchar(50) NOT NULL,
  `csit_bill_date` date NOT NULL,
  `csit_delete_status` tinyint(4) NOT NULL,
  `csit_created_by` int(11) NOT NULL,
  `csit_created_at` datetime NOT NULL,
  `csit_updated_by` int(11) NOT NULL,
  `csit_updated_at` datetime NOT NULL
) ENGINE=InnoDB DEFAULT CHARSET=utf8 COLLATE=utf8_general_ci;

-- --------------------------------------------------------

--
-- Table structure for table `customer_style_trans`
--

CREATE TABLE `customer_style_trans` (
  `cst_id` int(11) NOT NULL,
  `cst_om_uuid` varchar(50) NOT NULL,
  `cst_obm_uuid` varchar(50) NOT NULL,
  `cst_em_uuid` varchar(50) NOT NULL,
  `cst_customer_uuid` varchar(50) NOT NULL,
  `cst_customer_id` int(11) NOT NULL,
  `cst_style_id` int(11) NOT NULL,
  `cst_apparel_id` int(11) DEFAULT NULL,
  `cst_value` tinyint(4) NOT NULL,
  `cst_om_id` int(11) NOT NULL,
  `cst_ot_id` int(11) NOT NULL,
  `cst_obm_id` int(11) NOT NULL,
  `cst_obt_id` int(11) NOT NULL,
  `cst_em_id` int(11) NOT NULL,
  `cst_et_id` int(11) NOT NULL,
  `cst_bill_no` varchar(50) NOT NULL,
  `cst_bill_date` varchar(50) NOT NULL,
  `cst_created_by` int(11) NOT NULL,
  `cst_created_at` datetime NOT NULL,
  `cst_updated_by` int(11) NOT NULL,
  `cst_updated_at` datetime NOT NULL,
  `cst_delete_status` tinyint(4) DEFAULT 0
) ENGINE=InnoDB DEFAULT CHARSET=utf8 COLLATE=utf8_general_ci;

-- --------------------------------------------------------

--
-- Table structure for table `design_master`
--

CREATE TABLE `design_master` (
  `design_id` int(11) NOT NULL,
  `design_uuid` varchar(20) NOT NULL,
  `design_name` varchar(50) NOT NULL,
  `design_supplier_id` int(11) NOT NULL,
  `design_image` text NOT NULL,
  `design_status` tinyint(4) NOT NULL,
  `design_default` tinyint(4) NOT NULL,
  `design_created_by` int(11) NOT NULL,
  `design_created_at` datetime NOT NULL,
  `design_updated_by` int(11) NOT NULL,
  `design_updated_at` datetime NOT NULL
) ENGINE=InnoDB DEFAULT CHARSET=utf8 COLLATE=utf8_general_ci;

--
-- Dumping data for table `design_master`
--

INSERT INTO `design_master` (`design_id`, `design_uuid`, `design_name`, `design_supplier_id`, `design_image`, `design_status`, `design_default`, `design_created_by`, `design_created_at`, `design_updated_by`, `design_updated_at`) VALUES
(1, '', '782527', 1, 'https://houseofnasir.in/admin/public/assets/dist/images/no-image.jpg', 1, 0, 2, '2025-05-10 14:26:59', 2, '0000-00-00 00:00:00'),
(2, '', 'RC-10001', 1, 'https://houseofnasir.in/admin/public/assets/dist/images/no-image.jpg', 1, 0, 2, '2025-05-10 14:34:55', 2, '0000-00-00 00:00:00'),
(3, '', 'RC-21422', 9, 'https://houseofnasir.in/admin/public/assets/dist/images/no-image.jpg', 1, 0, 2, '2025-05-11 17:28:21', 2, '0000-00-00 00:00:00'),
(4, '', 'RC-21968', 7, 'https://houseofnasir.in/admin/public/assets/dist/images/no-image.jpg', 1, 0, 2, '2025-05-11 17:41:21', 2, '0000-00-00 00:00:00'),
(5, '', 'RC-21970', 8, 'https://houseofnasir.in/admin/public/assets/dist/images/no-image.jpg', 1, 0, 2, '2025-05-11 17:47:24', 2, '0000-00-00 00:00:00'),
(7, '', 'RCF-10001', 2, 'https://houseofnasir.in/admin/public/assets/dist/images/no-image.jpg', 1, 0, 2, '2025-05-11 17:54:55', 2, '0000-00-00 00:00:00'),
(8, '', 'rc-20001', 1, 'https://houseofnasir.in/admin/public/assets/dist/images/no-image.jpg', 1, 0, 2, '2025-05-16 15:21:36', 2, '0000-00-00 00:00:00'),
(9, '', 'rc-1007', 6, 'https://houseofnasir.in/admin/public/assets/dist/images/no-image.jpg', 1, 0, 2, '2025-05-19 17:29:03', 2, '0000-00-00 00:00:00'),
(10, '', 'na', 4, 'https://houseofnasir.in/admin/public/assets/dist/images/no-image.jpg', 1, 0, 2, '2025-05-19 17:31:42', 2, '0000-00-00 00:00:00'),
(11, '', 'test 100', 10, 'https://houseofnasir.in/admin/public/assets/dist/images/no-image.jpg', 1, 0, 2, '2025-05-21 11:47:17', 2, '0000-00-00 00:00:00'),
(12, '', 'rc-22001', 6, 'https://houseofnasir.in/admin/public/assets/dist/images/no-image.jpg', 1, 0, 2, '2025-05-21 13:46:57', 2, '0000-00-00 00:00:00'),
(13, '', 'rc-21988', 5, 'https://houseofnasir.in/admin/public/assets/dist/images/no-image.jpg', 1, 0, 2, '2025-05-23 14:32:11', 2, '0000-00-00 00:00:00'),
(14, '', 'RC-20003', 6, 'https://houseofnasir.in/admin/public/assets/dist/images/no-image.jpg', 1, 0, 2, '2025-05-24 15:43:57', 2, '0000-00-00 00:00:00'),
(15, '', 'RC-22043', 8, 'https://houseofnasir.in/admin/public/assets/dist/images/no-image.jpg', 1, 0, 2, '2025-05-29 13:37:15', 2, '0000-00-00 00:00:00'),
(16, '', 'RC-22044', 8, 'https://houseofnasir.in/admin/public/assets/dist/images/no-image.jpg', 1, 0, 2, '2025-05-29 13:42:42', 2, '0000-00-00 00:00:00'),
(17, '', 'RC-22045', 8, 'https://houseofnasir.in/admin/public/assets/dist/images/no-image.jpg', 1, 0, 2, '2025-05-29 13:44:32', 2, '0000-00-00 00:00:00'),
(18, '', 'RC-22046', 8, 'https://houseofnasir.in/admin/public/assets/dist/images/no-image.jpg', 1, 0, 2, '2025-05-29 13:46:03', 2, '0000-00-00 00:00:00'),
(19, '', 'RC-22047', 8, 'https://houseofnasir.in/admin/public/assets/dist/images/no-image.jpg', 1, 0, 2, '2025-05-29 13:47:51', 2, '0000-00-00 00:00:00'),
(20, '', 'RC-15750', 11, 'https://houseofnasir.in/admin/public/assets/dist/images/no-image.jpg', 1, 0, 2, '2025-05-29 16:45:14', 2, '0000-00-00 00:00:00'),
(21, '', 'RC-15759A', 11, 'https://houseofnasir.in/admin/public/assets/dist/images/no-image.jpg', 1, 0, 2, '2025-05-29 16:49:28', 2, '0000-00-00 00:00:00'),
(22, '', 'RC-NA', 11, 'https://houseofnasir.in/admin/public/assets/dist/images/no-image.jpg', 1, 0, 2, '2025-05-29 16:51:40', 2, '0000-00-00 00:00:00'),
(23, '', 'RC-21299', 11, 'https://houseofnasir.in/admin/public/assets/dist/images/no-image.jpg', 1, 0, 2, '2025-05-29 18:01:32', 2, '0000-00-00 00:00:00');

-- --------------------------------------------------------

--
-- Table structure for table `dying_master`
--

CREATE TABLE `dying_master` (
  `dying_id` int(11) NOT NULL,
  `dying_name` varchar(50) NOT NULL,
  `dying_status` tinyint(4) NOT NULL,
  `dying_default` tinyint(4) NOT NULL,
  `dying_created_by` int(11) NOT NULL,
  `dying_created_at` datetime NOT NULL,
  `dying_updated_by` int(11) NOT NULL,
  `dying_updated_at` datetime NOT NULL
) ENGINE=InnoDB DEFAULT CHARSET=utf8 COLLATE=utf8_general_ci;

-- --------------------------------------------------------

--
-- Table structure for table `embroidery_master`
--

CREATE TABLE `embroidery_master` (
  `embroidery_id` int(11) NOT NULL,
  `embroidery_name` varchar(50) NOT NULL,
  `embroidery_status` tinyint(4) NOT NULL,
  `embroidery_default` tinyint(4) NOT NULL,
  `embroidery_created_by` int(11) NOT NULL,
  `embroidery_created_at` datetime NOT NULL,
  `embroidery_updated_by` int(11) NOT NULL,
  `embroidery_updated_at` datetime NOT NULL
) ENGINE=InnoDB DEFAULT CHARSET=utf8 COLLATE=utf8_general_ci;

-- --------------------------------------------------------

--
-- Table structure for table `estimate_barcode_trans`
--

CREATE TABLE `estimate_barcode_trans` (
  `ebt_id` int(11) NOT NULL,
  `ebt_roll_no` varchar(50) NOT NULL,
  `ebt_item_code` bigint(20) NOT NULL,
  `ebt_barcode_year` varchar(20) NOT NULL,
  `ebt_barcode_month` varchar(20) NOT NULL,
  `ebt_counter` bigint(20) NOT NULL,
  `ebt_delete_status` tinyint(4) NOT NULL DEFAULT 0,
  `ebt_branch_id` int(11) NOT NULL,
  `ebt_fin_year` varchar(20) NOT NULL,
  `ebt_apparel_id` int(11) NOT NULL,
  `ebt_description` text NOT NULL,
  `ebt_em_id` int(11) NOT NULL,
  `ebt_et_id` int(11) NOT NULL,
  `ebt_qty` int(11) NOT NULL,
  `ebt_mtr` double(16,2) NOT NULL,
  `ebt_rate` int(11) NOT NULL,
  `ebt_amt` double(16,2) NOT NULL,
  `ebt_disc_amt` double(16,2) NOT NULL,
  `ebt_taxable_amt` double(16,2) NOT NULL,
  `ebt_sgst_amt` double(16,2) NOT NULL,
  `ebt_cgst_amt` double(16,2) NOT NULL,
  `ebt_igst_amt` double(16,2) NOT NULL,
  `ebt_total_amt` double(16,2) NOT NULL,
  `ebt_created_by` int(11) NOT NULL,
  `ebt_created_at` datetime NOT NULL,
  `ebt_updated_by` int(11) NOT NULL,
  `ebt_updated_at` datetime NOT NULL DEFAULT current_timestamp() ON UPDATE current_timestamp()
) ENGINE=InnoDB DEFAULT CHARSET=utf8 COLLATE=utf8_general_ci;

-- --------------------------------------------------------

--
-- Table structure for table `estimate_maap_trans`
--

CREATE TABLE `estimate_maap_trans` (
  `emt_id` int(11) NOT NULL,
  `emt_em_uuid` varchar(20) NOT NULL,
  `emt_em_id` int(11) NOT NULL,
  `emt_et_id` int(11) NOT NULL,
  `emt_customer_id` int(11) NOT NULL,
  `emt_apparel_id` int(11) NOT NULL,
  `emt_maap_id` int(11) NOT NULL,
  `emt_maap_name` varchar(50) NOT NULL,
  `emt_maap_value` varchar(20) NOT NULL,
  `emt_delete_status` tinyint(4) NOT NULL,
  `emt_created_by` int(11) NOT NULL,
  `emt_created_at` datetime NOT NULL,
  `emt_updated_by` int(11) NOT NULL,
  `emt_updated_at` datetime NOT NULL
) ENGINE=InnoDB DEFAULT CHARSET=utf8 COLLATE=utf8_general_ci;

-- --------------------------------------------------------

--
-- Table structure for table `estimate_master`
--

CREATE TABLE `estimate_master` (
  `em_id` int(11) NOT NULL,
  `em_om_id` int(11) NOT NULL,
  `em_uuid` varchar(20) NOT NULL,
  `em_entry_no` int(11) NOT NULL,
  `em_entry_date` date NOT NULL,
  `em_trial_date` varchar(20) NOT NULL,
  `em_delivery_date` varchar(20) NOT NULL,
  `em_gst_type` tinyint(4) NOT NULL,
  `em_bill_type` tinyint(4) NOT NULL,
  `em_biiling_id` int(11) NOT NULL,
  `em_customer_id` int(11) NOT NULL,
  `em_customer_name` varchar(50) NOT NULL,
  `em_customer_mobile` varchar(20) NOT NULL,
  `em_mojdi` varchar(10) NOT NULL,
  `em_mojdi_size` varchar(10) NOT NULL,
  `em_notes` text NOT NULL,
  `em_total_qty` int(11) NOT NULL,
  `em_total_mtr` double(16,2) NOT NULL,
  `em_sub_amt` double(16,2) NOT NULL,
  `em_disc_amt` double(16,2) NOT NULL,
  `em_taxable_amt` double(16,2) NOT NULL,
  `em_sgst_amt` double(16,2) NOT NULL,
  `em_cgst_amt` double(16,2) NOT NULL,
  `em_igst_amt` double(16,2) NOT NULL,
  `em_bill_disc_per` double(16,2) NOT NULL,
  `em_bill_disc_amt` double(16,2) NOT NULL,
  `em_round_off` double(16,2) NOT NULL,
  `em_total_amt` double(16,2) NOT NULL,
  `em_advance_amt` double(16,2) NOT NULL,
  `em_balance_amt` double(16,2) NOT NULL,
  `em_allocated_amt` double(16,2) NOT NULL,
  `em_delete_status` tinyint(4) NOT NULL,
  `em_fin_year` varchar(10) NOT NULL,
  `em_branch_id` int(11) NOT NULL,
  `em_created_by` int(11) NOT NULL,
  `em_created_at` datetime NOT NULL,
  `em_updated_by` int(11) NOT NULL,
  `em_updated_at` datetime NOT NULL
) ENGINE=InnoDB DEFAULT CHARSET=utf8 COLLATE=utf8_general_ci;

-- --------------------------------------------------------

--
-- Table structure for table `estimate_payment_mode_trans`
--

CREATE TABLE `estimate_payment_mode_trans` (
  `epmt_id` int(11) NOT NULL,
  `epmt_em_uuid` varchar(20) NOT NULL,
  `epmt_em_id` int(11) NOT NULL,
  `epmt_payment_mode_id` int(11) NOT NULL,
  `epmt_amt` int(11) NOT NULL,
  `epmt_delete_status` tinyint(4) NOT NULL,
  `epmt_created_by` int(11) NOT NULL,
  `epmt_created_at` datetime NOT NULL,
  `epmt_updated_by` int(11) NOT NULL,
  `epmt_updated_at` datetime NOT NULL
) ENGINE=InnoDB DEFAULT CHARSET=utf8 COLLATE=utf8_general_ci;

-- --------------------------------------------------------

--
-- Table structure for table `estimate_style_trans`
--

CREATE TABLE `estimate_style_trans` (
  `ost_id` int(11) NOT NULL,
  `ost_em_uuid` varchar(20) NOT NULL,
  `ost_em_id` int(11) NOT NULL,
  `ost_et_id` int(11) NOT NULL,
  `ost_customer_id` int(11) NOT NULL,
  `ost_apparel_id` int(11) NOT NULL,
  `ost_style_id` int(11) NOT NULL,
  `ost_style_name` varchar(50) NOT NULL,
  `ost_style_value` varchar(20) NOT NULL,
  `ost_delete_status` tinyint(4) NOT NULL,
  `ost_created_by` int(11) NOT NULL,
  `ost_created_at` datetime NOT NULL,
  `ost_updated_by` int(11) NOT NULL,
  `ost_updated_at` datetime NOT NULL
) ENGINE=InnoDB DEFAULT CHARSET=utf8 COLLATE=utf8_general_ci;

-- --------------------------------------------------------

--
-- Table structure for table `estimate_trans`
--

CREATE TABLE `estimate_trans` (
  `et_id` int(11) NOT NULL,
  `et_em_uuid` varchar(20) NOT NULL,
  `et_em_id` int(11) NOT NULL,
  `et_om_id` int(11) NOT NULL,
  `et_ot_id` int(11) NOT NULL,
  `et_trans_type` varchar(20) NOT NULL,
  `et_apparel_id` int(11) NOT NULL,
  `et_bm_id` int(11) NOT NULL,
  `et_rate` double(16,2) NOT NULL,
  `et_mtr` double(16,2) NOT NULL,
  `et_qty` int(11) NOT NULL,
  `et_total_mtr` double(16,2) NOT NULL,
  `et_amt` double(16,2) NOT NULL,
  `et_disc_per` double(16,2) NOT NULL,
  `et_disc_amt` double(16,2) NOT NULL,
  `et_taxable_amt` double(16,2) NOT NULL,
  `et_sgst_per` double(16,2) NOT NULL,
  `et_sgst_amt` double(16,2) NOT NULL,
  `et_cgst_per` double(16,2) NOT NULL,
  `et_cgst_amt` double(16,2) NOT NULL,
  `et_igst_per` double(16,2) NOT NULL,
  `et_igst_amt` double(16,2) NOT NULL,
  `et_total_amt` double(16,2) NOT NULL,
  `et_description` text NOT NULL,
  `et_delete_status` tinyint(4) NOT NULL,
  `et_created_by` int(11) NOT NULL,
  `et_created_at` datetime NOT NULL,
  `et_updated_by` int(11) NOT NULL,
  `et_updated_at` datetime NOT NULL
) ENGINE=InnoDB DEFAULT CHARSET=utf8 COLLATE=utf8_general_ci;

-- --------------------------------------------------------

--
-- Table structure for table `fabric_master`
--

CREATE TABLE `fabric_master` (
  `fabric_id` int(11) NOT NULL,
  `fabric_name` varchar(50) NOT NULL,
  `fabric_sgst_per` double(16,2) NOT NULL,
  `fabric_cgst_per` double(16,2) NOT NULL,
  `fabric_igst_per` double(16,2) NOT NULL,
  `fabric_status` tinyint(4) NOT NULL,
  `fabric_created_by` int(11) NOT NULL,
  `fabric_created_at` datetime NOT NULL,
  `fabric_updated_by` int(11) NOT NULL,
  `fabric_updated_at` datetime NOT NULL
) ENGINE=InnoDB DEFAULT CHARSET=utf8 COLLATE=utf8_general_ci;

--
-- Dumping data for table `fabric_master`
--

INSERT INTO `fabric_master` (`fabric_id`, `fabric_name`, `fabric_sgst_per`, `fabric_cgst_per`, `fabric_igst_per`, `fabric_status`, `fabric_created_by`, `fabric_created_at`, `fabric_updated_by`, `fabric_updated_at`) VALUES
(1, 'SUITING', 2.50, 2.50, 5.00, 1, 2, '2025-05-09 16:36:14', 2, '0000-00-00 00:00:00'),
(2, 'SHIRTING', 2.50, 2.50, 5.00, 1, 2, '2025-05-09 16:36:30', 2, '0000-00-00 00:00:00'),
(3, 'JACKETING', 2.50, 2.50, 5.00, 1, 2, '2025-05-09 16:36:48', 2, '0000-00-00 00:00:00');

-- --------------------------------------------------------

--
-- Table structure for table `gender_master`
--

CREATE TABLE `gender_master` (
  `gender_id` int(11) NOT NULL,
  `gender_name` varchar(50) NOT NULL,
  `gender_status` tinyint(4) NOT NULL,
  `gender_default` tinyint(4) NOT NULL,
  `gender_created_by` int(11) NOT NULL,
  `gender_created_at` datetime NOT NULL,
  `gender_updated_by` int(11) NOT NULL,
  `gender_updated_at` datetime NOT NULL
) ENGINE=InnoDB DEFAULT CHARSET=utf8 COLLATE=utf8_general_ci;

--
-- Dumping data for table `gender_master`
--

INSERT INTO `gender_master` (`gender_id`, `gender_name`, `gender_status`, `gender_default`, `gender_created_by`, `gender_created_at`, `gender_updated_by`, `gender_updated_at`) VALUES
(1, 'MALE', 1, 0, 2, '2025-05-09 20:10:54', 2, '0000-00-00 00:00:00'),
(2, 'FEMALE', 1, 0, 2, '2025-05-09 20:10:59', 2, '0000-00-00 00:00:00');

-- --------------------------------------------------------

--
-- Table structure for table `general_master`
--

CREATE TABLE `general_master` (
  `general_id` int(11) NOT NULL,
  `general_name` varchar(50) NOT NULL,
  `general_group_id` int(11) NOT NULL,
  `general_mobile` varchar(10) NOT NULL,
  `general_phone1` varchar(20) NOT NULL,
  `general_phone2` varchar(20) NOT NULL,
  `general_email` varchar(50) NOT NULL,
  `general_address` text NOT NULL,
  `general_city_id` int(11) NOT NULL,
  `general_state_id` int(11) NOT NULL,
  `general_country_id` int(11) NOT NULL,
  `general_pincode` varchar(10) NOT NULL,
  `general_gst_no` varchar(20) NOT NULL,
  `general_pan_no` varchar(20) NOT NULL,
  `general_disc_per` double(16,2) NOT NULL,
  `general_credit_days` int(11) NOT NULL,
  `general_drcr` varchar(10) NOT NULL,
  `general_opening_amt` double(16,2) NOT NULL,
  `general_reference` varchar(50) NOT NULL,
  `general_status` tinyint(4) NOT NULL DEFAULT 1,
  `general_constant` varchar(20) NOT NULL,
  `general_created_by` int(11) NOT NULL,
  `general_created_at` datetime NOT NULL,
  `general_updated_by` int(11) NOT NULL,
  `general_updated_at` datetime NOT NULL DEFAULT current_timestamp() ON UPDATE current_timestamp()
) ENGINE=InnoDB DEFAULT CHARSET=utf8 COLLATE=utf8_general_ci;

-- --------------------------------------------------------

--
-- Table structure for table `group_master`
--

CREATE TABLE `group_master` (
  `grp_id` int(11) NOT NULL,
  `grp_name` varchar(22) DEFAULT NULL,
  `grp_belong` int(11) DEFAULT NULL,
  `grp_default` varchar(5) DEFAULT NULL,
  `grp_tbsummery` tinyint(4) DEFAULT NULL,
  `grp_bs` tinyint(4) DEFAULT NULL,
  `grp_pl` tinyint(4) DEFAULT NULL,
  `grp_status` tinyint(4) NOT NULL DEFAULT 1,
  `grp_created_by` int(11) DEFAULT NULL,
  `grp_created_at` datetime DEFAULT NULL,
  `grp_updated_by` int(11) DEFAULT NULL,
  `grp_updated_at` datetime DEFAULT NULL
) ENGINE=InnoDB DEFAULT CHARSET=utf8 COLLATE=utf8_general_ci;

--
-- Dumping data for table `group_master`
--

INSERT INTO `group_master` (`grp_id`, `grp_name`, `grp_belong`, `grp_default`, `grp_tbsummery`, `grp_bs`, `grp_pl`, `grp_status`, `grp_created_by`, `grp_created_at`, `grp_updated_by`, `grp_updated_at`) VALUES
(1, 'ASSETS', 1, 'FALSE', 0, 1, 0, 1, 0, '0000-00-00 00:00:00', 1, '0000-00-00 00:00:00'),
(2, 'LIABILITIES', 2, 'TRUE', 0, 0, 0, 1, 0, '0000-00-00 00:00:00', 12, '0000-00-00 00:00:00'),
(3, 'INCOME', 3, 'TRUE', 0, 0, 0, 1, 0, '0000-00-00 00:00:00', 12, '0000-00-00 00:00:00'),
(4, 'EXPENDITURE', 4, 'TRUE', 0, 0, 0, 1, 0, '0000-00-00 00:00:00', 12, '0000-00-00 00:00:00'),
(5, 'CUSTOMER', 3, 'TRUE', 0, 1, 1, 1, 0, '0000-00-00 00:00:00', 10, '0000-00-00 00:00:00'),
(6, 'SUPPLIER', 4, 'TRUE', 0, 1, 1, 1, 0, '0000-00-00 00:00:00', 10, '0000-00-00 00:00:00'),
(7, 'CREDITORS FOR EXPENSES', 2, 'FALSE', 1, 0, 0, 1, 0, '0000-00-00 00:00:00', 12, '0000-00-00 00:00:00'),
(8, 'LAND & BUILDING', 1, 'FALSE', 1, 0, 0, 1, 0, '0000-00-00 00:00:00', 12, '0000-00-00 00:00:00'),
(9, 'CASH & BANK BALANCES', 1, 'TRUE', 1, 0, 0, 1, 0, '0000-00-00 00:00:00', 26, '0000-00-00 00:00:00'),
(10, 'DONATION', 4, 'FALSE', 1, 0, 0, 1, 0, '0000-00-00 00:00:00', 3, '0000-00-00 00:00:00'),
(11, 'FINANCE CHARGE', 4, 'FALSE', 1, 0, 0, 1, 0, '0000-00-00 00:00:00', 9, '0000-00-00 00:00:00'),
(12, 'CAPITAL ACCOUNTS', 2, 'TRUE', 0, 0, 0, 1, 0, '0000-00-00 00:00:00', 0, '0000-00-00 00:00:00'),
(13, 'RESERVES & SURPLUS', 2, 'FALSE', 1, 0, 0, 1, 0, '0000-00-00 00:00:00', 8, '0000-00-00 00:00:00'),
(14, 'UNSECURED LOANS', 2, 'FALSE', 1, 0, 0, 1, 0, '0000-00-00 00:00:00', 8, '0000-00-00 00:00:00'),
(15, 'CURRENT LIABILITIES', 2, 'FALSE', 1, 0, 0, 1, 0, '0000-00-00 00:00:00', 8, '0000-00-00 00:00:00'),
(16, 'PROVISIONS', 2, 'FALSE', 1, 0, 0, 1, 0, '0000-00-00 00:00:00', 8, '0000-00-00 00:00:00'),
(17, 'FIXED ASSETS', 1, 'FALSE', 1, 0, 0, 1, 0, '0000-00-00 00:00:00', 8, '0000-00-00 00:00:00'),
(18, 'INVESTMENTS', 1, 'FALSE', 1, 0, 0, 1, 0, '0000-00-00 00:00:00', 8, '0000-00-00 00:00:00'),
(19, 'CURRENT ASSETS', 1, 'FALSE', 1, 0, 0, 1, 0, '0000-00-00 00:00:00', 8, '0000-00-00 00:00:00'),
(20, 'ADVANCES', 1, 'FALSE', 1, 0, 0, 1, 0, '0000-00-00 00:00:00', 17, '0000-00-00 00:00:00'),
(21, 'EXPENSES INDIRECT', 4, 'FALSE', 1, 0, 0, 1, 0, '0000-00-00 00:00:00', 8, '0000-00-00 00:00:00'),
(22, 'EXPENSES DIRECT', 4, 'FALSE', 1, 0, 0, 1, 0, '0000-00-00 00:00:00', 8, '0000-00-00 00:00:00'),
(23, 'Loans & Advance', NULL, 'TRUE', 0, 1, 1, 1, 23, '2018-02-21 17:42:47', 23, NULL);

-- --------------------------------------------------------

--
-- Table structure for table `hisab_master`
--

CREATE TABLE `hisab_master` (
  `hm_id` int(11) NOT NULL,
  `hm_uuid` varchar(20) NOT NULL,
  `hm_entry_no` int(11) NOT NULL,
  `hm_entry_date` date NOT NULL,
  `hm_karigar_id` int(11) NOT NULL,
  `hm_notes` text NOT NULL,
  `hm_total_qty` int(11) NOT NULL,
  `hm_total_amt` double(16,2) NOT NULL,
  `hm_allocated_amt` double(16,2) NOT NULL,
  `hm_allocated_round_off` double(16,2) NOT NULL,
  `hm_is_paid` tinyint(4) NOT NULL,
  `hm_delete_status` tinyint(4) NOT NULL,
  `hm_fin_year` varchar(10) NOT NULL,
  `hm_branch_id` int(11) NOT NULL,
  `hm_created_by` int(11) NOT NULL,
  `hm_created_at` datetime NOT NULL,
  `hm_updated_by` int(11) NOT NULL,
  `hm_updated_at` datetime NOT NULL
) ENGINE=InnoDB DEFAULT CHARSET=utf8 COLLATE=utf8_general_ci;

-- --------------------------------------------------------

--
-- Table structure for table `hisab_trans`
--

CREATE TABLE `hisab_trans` (
  `ht_id` int(11) NOT NULL,
  `ht_hm_id` int(11) NOT NULL,
  `ht_jim_id` int(11) NOT NULL,
  `ht_jit_id` int(11) NOT NULL,
  `ht_jrt_id` int(11) NOT NULL,
  `ht_obt_id` int(11) NOT NULL,
  `ht_apparel_id` int(11) NOT NULL,
  `ht_rate` double(16,2) NOT NULL,
  `ht_delete_status` tinyint(4) NOT NULL,
  `ht_created_by` int(11) NOT NULL,
  `ht_created_at` datetime NOT NULL,
  `ht_updated_by` int(11) NOT NULL,
  `ht_updated_at` datetime NOT NULL
) ENGINE=InnoDB DEFAULT CHARSET=utf8 COLLATE=utf8_general_ci;

-- --------------------------------------------------------

--
-- Table structure for table `hsn_master`
--

CREATE TABLE `hsn_master` (
  `hsn_id` int(11) NOT NULL,
  `hsn_name` varchar(50) NOT NULL,
  `hsn_status` tinyint(4) NOT NULL,
  `hsn_default` tinyint(4) NOT NULL,
  `hsn_created_by` int(11) NOT NULL,
  `hsn_created_at` datetime NOT NULL,
  `hsn_updated_by` int(11) NOT NULL,
  `hsn_updated_at` datetime NOT NULL
) ENGINE=InnoDB DEFAULT CHARSET=utf8 COLLATE=utf8_general_ci;

--
-- Dumping data for table `hsn_master`
--

INSERT INTO `hsn_master` (`hsn_id`, `hsn_name`, `hsn_status`, `hsn_default`, `hsn_created_by`, `hsn_created_at`, `hsn_updated_by`, `hsn_updated_at`) VALUES
(1, '52084230', 1, 0, 2, '2025-05-09 16:42:14', 2, '0000-00-00 00:00:00'),
(2, '54071095', 1, 0, 2, '2025-05-09 16:42:28', 2, '0000-00-00 00:00:00'),
(3, '55151110', 1, 0, 2, '2025-05-09 16:42:52', 2, '0000-00-00 00:00:00'),
(4, '53091910', 1, 0, 2, '2025-05-10 14:27:53', 2, '0000-00-00 00:00:00'),
(5, '52084290', 1, 0, 2, '2025-05-11 17:29:16', 2, '0000-00-00 00:00:00'),
(6, '54081110', 1, 0, 2, '2025-05-21 13:47:24', 1, '2025-06-03 16:53:49');

-- --------------------------------------------------------

--
-- Table structure for table `job_issue_master`
--

CREATE TABLE `job_issue_master` (
  `jim_id` int(11) NOT NULL,
  `jim_uuid` varchar(50) NOT NULL,
  `jim_entry_no` int(11) NOT NULL,
  `jim_entry_date` date NOT NULL,
  `jim_proces_id` int(11) NOT NULL,
  `jim_karigar_id` int(11) NOT NULL,
  `jim_hm_id` int(11) NOT NULL,
  `jim_ht_id` int(11) NOT NULL,
  `jim_delete_status` tinyint(4) NOT NULL,
  `jim_fin_year` varchar(20) NOT NULL,
  `jim_created_by` int(11) NOT NULL,
  `jim_created_at` datetime NOT NULL,
  `jim_updated_by` int(11) NOT NULL,
  `jim_updated_at` datetime NOT NULL
) ENGINE=InnoDB DEFAULT CHARSET=utf8 COLLATE=utf8_general_ci;

-- --------------------------------------------------------

--
-- Table structure for table `job_issue_trans`
--

CREATE TABLE `job_issue_trans` (
  `jit_id` int(11) NOT NULL,
  `jit_jim_uuid` varchar(50) NOT NULL,
  `jit_jim_id` int(11) NOT NULL,
  `jit_obt_id` int(11) NOT NULL,
  `jit_apparel_group` varchar(50) NOT NULL,
  `jit_delete_status` tinyint(4) NOT NULL,
  `jit_created_by` int(11) NOT NULL,
  `jit_created_at` datetime NOT NULL,
  `jit_updated_by` int(11) NOT NULL,
  `jit_updated_at` datetime NOT NULL
) ENGINE=InnoDB DEFAULT CHARSET=utf8 COLLATE=utf8_general_ci;

-- --------------------------------------------------------

--
-- Table structure for table `job_receive_master`
--

CREATE TABLE `job_receive_master` (
  `jrm_id` int(11) NOT NULL,
  `jrm_uuid` varchar(50) NOT NULL,
  `jrm_entry_no` int(11) NOT NULL,
  `jrm_entry_date` date NOT NULL,
  `jrm_delete_status` tinyint(4) NOT NULL,
  `jrm_fin_year` varchar(20) NOT NULL,
  `jrm_created_by` int(11) NOT NULL,
  `jrm_created_at` datetime NOT NULL,
  `jrm_updated_by` int(11) NOT NULL,
  `jrm_updated_at` datetime NOT NULL
) ENGINE=InnoDB DEFAULT CHARSET=utf8 COLLATE=utf8_general_ci;

-- --------------------------------------------------------

--
-- Table structure for table `job_receive_trans`
--

CREATE TABLE `job_receive_trans` (
  `jrt_id` int(11) NOT NULL,
  `jrt_jrm_uuid` varchar(50) NOT NULL,
  `jrt_jrm_id` int(11) NOT NULL,
  `jrt_obt_id` int(11) NOT NULL,
  `jrt_jim_id` int(11) NOT NULL,
  `jrt_jit_id` int(11) NOT NULL,
  `jrt_delete_status` tinyint(4) NOT NULL,
  `jrt_created_by` int(11) NOT NULL,
  `jrt_created_at` datetime NOT NULL,
  `jrt_updated_by` int(11) NOT NULL,
  `jrt_updated_at` datetime NOT NULL
) ENGINE=InnoDB DEFAULT CHARSET=utf8 COLLATE=utf8_general_ci;

-- --------------------------------------------------------

--
-- Table structure for table `karigar_apparel_trans`
--

CREATE TABLE `karigar_apparel_trans` (
  `kapt_id` int(11) NOT NULL,
  `kapt_karigar_id` int(11) NOT NULL,
  `kapt_apparel_id` int(11) NOT NULL,
  `kapt_qty` int(11) NOT NULL,
  `kapt_rate` int(11) NOT NULL
) ENGINE=InnoDB DEFAULT CHARSET=utf8 COLLATE=utf8_general_ci;

-- --------------------------------------------------------

--
-- Table structure for table `karigar_attachment_trans`
--

CREATE TABLE `karigar_attachment_trans` (
  `kat_id` int(11) NOT NULL,
  `kat_karigar_id` int(11) NOT NULL,
  `kat_path` text NOT NULL,
  `kat_created_by` int(11) NOT NULL,
  `kat_created_at` datetime NOT NULL,
  `kat_updated_by` int(11) NOT NULL,
  `kat_updated_at` datetime NOT NULL DEFAULT current_timestamp() ON UPDATE current_timestamp()
) ENGINE=InnoDB DEFAULT CHARSET=utf8 COLLATE=utf8_general_ci;

-- --------------------------------------------------------

--
-- Table structure for table `karigar_master`
--

CREATE TABLE `karigar_master` (
  `karigar_id` int(11) NOT NULL,
  `karigar_code` varchar(10) NOT NULL,
  `karigar_name` varchar(20) NOT NULL,
  `karigar_mobile` varchar(20) NOT NULL,
  `karigar_email` varchar(50) NOT NULL,
  `karigar_refer_by` varchar(20) NOT NULL,
  `karigar_address` text NOT NULL,
  `karigar_pincode` varchar(50) NOT NULL,
  `karigar_city_id` int(11) NOT NULL,
  `karigar_state_id` int(11) NOT NULL,
  `karigar_country_id` int(11) NOT NULL,
  `karigar_image` text NOT NULL,
  `karigar_status` tinyint(4) NOT NULL DEFAULT 1,
  `karigar_created_by` int(11) NOT NULL,
  `karigar_created_at` datetime DEFAULT NULL,
  `karigar_updated_by` int(11) NOT NULL,
  `karigar_updated_at` datetime NOT NULL DEFAULT current_timestamp() ON UPDATE current_timestamp()
) ENGINE=InnoDB DEFAULT CHARSET=utf8 COLLATE=utf8_general_ci;

-- --------------------------------------------------------

--
-- Table structure for table `karigar_proces_trans`
--

CREATE TABLE `karigar_proces_trans` (
  `kpt_id` int(11) NOT NULL,
  `kpt_karigar_id` int(11) NOT NULL,
  `kpt_proces_id` int(11) NOT NULL
) ENGINE=InnoDB DEFAULT CHARSET=utf8 COLLATE=utf8_general_ci;

-- --------------------------------------------------------

--
-- Table structure for table `measurement_master`
--

CREATE TABLE `measurement_master` (
  `measurement_id` int(11) NOT NULL,
  `measurement_name` varchar(50) NOT NULL,
  `measurement_group` varchar(10) DEFAULT NULL,
  `measurement_status` tinyint(4) NOT NULL,
  `measurement_default` tinyint(4) NOT NULL,
  `measurement_created_by` int(11) NOT NULL,
  `measurement_created_at` datetime NOT NULL,
  `measurement_updated_by` int(11) NOT NULL,
  `measurement_updated_at` datetime NOT NULL,
  `measurement_deleted_by` int(11) DEFAULT NULL,
  `measurement_deleted_at` datetime DEFAULT NULL
) ENGINE=InnoDB DEFAULT CHARSET=utf8 COLLATE=utf8_general_ci;

-- --------------------------------------------------------

--
-- Table structure for table `measurement_setting_master`
--

CREATE TABLE `measurement_setting_master` (
  `measurement_setting_id` int(11) NOT NULL,
  `measurement_setting_apparel_id` int(11) NOT NULL,
  `measurement_setting_measurement_id` int(11) NOT NULL,
  `measurement_setting_priority` int(11) NOT NULL,
  `measurement_setting_status` tinyint(4) NOT NULL DEFAULT 1,
  `measurement_setting_default` tinyint(4) NOT NULL,
  `measurement_setting_created_by` int(11) NOT NULL,
  `measurement_setting_created_at` datetime NOT NULL,
  `measurement_setting_updated_by` int(11) NOT NULL,
  `measurement_setting_updated_at` datetime NOT NULL,
  `measurement_setting_deleted_by` int(11) DEFAULT NULL,
  `measurement_setting_deleted_at` datetime DEFAULT NULL
) ENGINE=InnoDB DEFAULT CHARSET=utf8 COLLATE=utf8_general_ci;

-- --------------------------------------------------------

--
-- Table structure for table `menu_action_role_trans`
--

CREATE TABLE `menu_action_role_trans` (
  `mart_id` int(11) NOT NULL,
  `mart_role_id` int(11) NOT NULL,
  `mart_mat_id` int(11) NOT NULL
) ENGINE=InnoDB DEFAULT CHARSET=utf8 COLLATE=utf8_general_ci;

--
-- Dumping data for table `menu_action_role_trans`
--

INSERT INTO `menu_action_role_trans` (`mart_id`, `mart_role_id`, `mart_mat_id`) VALUES
(1, 1, 292),
(2, 1, 293),
(3, 1, 294),
(4, 1, 420),
(5, 1, 419),
(6, 2, 426),
(7, 2, 424),
(8, 2, 425),
(9, 2, 423),
(14, 2, 141),
(15, 2, 143),
(16, 2, 142),
(17, 2, 144),
(18, 2, 430),
(19, 2, 428),
(20, 2, 429),
(21, 2, 427),
(22, 1, 430),
(23, 1, 428),
(24, 1, 429),
(25, 1, 427),
(26, 2, 412),
(27, 1, 412),
(28, 2, 437),
(29, 1, 437),
(30, 2, 436),
(31, 1, 436),
(32, 2, 413),
(33, 1, 413),
(34, 2, 402),
(35, 1, 402),
(36, 2, 435),
(37, 1, 435),
(38, 2, 434),
(39, 1, 434),
(40, 2, 433),
(41, 1, 433),
(42, 2, 404),
(43, 2, 410),
(44, 1, 404),
(45, 1, 410),
(46, 1, 403),
(47, 2, 403),
(48, 2, 411),
(49, 1, 411),
(50, 2, 432),
(51, 1, 432),
(52, 2, 431),
(53, 1, 431),
(54, 2, 438),
(55, 1, 438),
(56, 2, 439),
(57, 1, 439),
(58, 2, 355),
(59, 2, 443),
(60, 2, 440),
(61, 2, 442),
(62, 2, 441),
(63, 1, 443),
(64, 1, 440),
(65, 1, 442),
(66, 1, 441),
(67, 1, 444),
(68, 2, 444),
(69, 1, 335),
(70, 1, 333),
(71, 1, 334);

-- --------------------------------------------------------

--
-- Table structure for table `menu_action_trans`
--

CREATE TABLE `menu_action_trans` (
  `mat_id` int(11) NOT NULL,
  `mat_menu_id` int(11) NOT NULL,
  `mat_mt_id` int(11) NOT NULL,
  `mat_action` varchar(50) NOT NULL,
  `mat_status` tinyint(4) NOT NULL DEFAULT 1,
  `mat_type` tinyint(4) NOT NULL DEFAULT 2
) ENGINE=InnoDB DEFAULT CHARSET=utf8 COLLATE=utf8_general_ci;

--
-- Dumping data for table `menu_action_trans`
--

INSERT INTO `menu_action_trans` (`mat_id`, `mat_menu_id`, `mat_mt_id`, `mat_action`, `mat_status`, `mat_type`) VALUES
(1, 1, 1, 'add', 1, 2),
(2, 1, 1, 'edit', 0, 2),
(3, 1, 1, 'delete', 1, 2),
(4, 1, 1, 'read', 0, 2),
(5, 1, 2, 'add', 1, 2),
(6, 1, 2, 'edit', 1, 2),
(7, 1, 2, 'delete', 1, 2),
(8, 1, 2, 'read', 0, 2),
(9, 1, 3, 'add', 1, 2),
(10, 1, 3, 'edit', 1, 2),
(11, 1, 3, 'delete', 1, 2),
(12, 1, 3, 'read', 1, 2),
(25, 1, 7, 'add', 1, 2),
(26, 1, 7, 'edit', 1, 2),
(27, 1, 7, 'delete', 1, 2),
(28, 1, 7, 'read', 1, 2),
(29, 1, 8, 'add', 1, 2),
(30, 1, 8, 'edit', 1, 2),
(31, 1, 8, 'delete', 1, 2),
(32, 1, 8, 'read', 1, 2),
(37, 1, 10, 'add', 1, 2),
(38, 1, 10, 'edit', 1, 2),
(39, 1, 10, 'delete', 1, 2),
(40, 1, 10, 'read', 1, 2),
(97, 1, 25, 'add', 1, 2),
(98, 1, 25, 'edit', 1, 2),
(99, 1, 25, 'delete', 1, 2),
(100, 1, 25, 'read', 1, 2),
(105, 1, 27, 'add', 1, 2),
(106, 1, 27, 'edit', 1, 2),
(107, 1, 27, 'delete', 1, 2),
(108, 1, 27, 'read', 1, 2),
(121, 1, 31, 'add', 1, 2),
(122, 1, 31, 'edit', 1, 2),
(123, 1, 31, 'delete', 1, 2),
(124, 1, 31, 'read', 1, 2),
(141, 2, 36, 'add', 1, 2),
(142, 2, 36, 'edit', 1, 2),
(143, 2, 36, 'delete', 1, 2),
(144, 2, 36, 'read', 1, 2),
(310, 1, 27, 'constant', 1, 1),
(311, 1, 27, 'company', 0, 2),
(312, 1, 31, 'constant', 1, 1),
(315, 1, 8, 'test_email', 1, 1),
(328, 1, 85, 'read', 1, 2),
(329, 1, 85, 'delete', 1, 2),
(330, 1, 85, 'edit', 1, 2),
(331, 1, 85, 'add', 1, 2),
(332, 1, 87, 'read', 1, 2),
(333, 1, 87, 'delete', 1, 2),
(334, 1, 87, 'edit', 1, 2),
(335, 1, 87, 'add', 1, 2),
(336, 1, 88, 'read', 1, 2),
(337, 1, 88, 'delete', 1, 2),
(338, 1, 88, 'edit', 1, 2),
(339, 1, 88, 'add', 1, 2),
(340, 1, 89, 'read', 1, 2),
(341, 1, 89, 'delete', 1, 2),
(342, 1, 89, 'edit', 1, 2),
(343, 1, 89, 'add', 1, 2),
(344, 1, 90, 'read', 1, 2),
(345, 1, 90, 'delete', 1, 2),
(346, 1, 90, 'edit', 1, 2),
(347, 1, 90, 'add', 1, 2),
(348, 2, 91, 'read', 1, 2),
(349, 2, 91, 'delete', 1, 2),
(350, 2, 91, 'edit', 1, 2),
(351, 2, 91, 'add', 1, 2),
(352, 1, 92, 'read', 1, 2),
(353, 1, 92, 'delete', 1, 2),
(354, 1, 92, 'edit', 1, 2),
(355, 1, 92, 'add', 1, 2),
(356, 1, 93, 'read', 1, 2),
(357, 1, 93, 'delete', 1, 2),
(358, 1, 93, 'edit', 1, 2),
(359, 1, 93, 'add', 1, 2),
(360, 1, 94, 'read', 1, 2),
(361, 1, 94, 'delete', 1, 2),
(362, 1, 94, 'edit', 1, 2),
(363, 1, 94, 'add', 1, 2),
(364, 1, 95, 'read', 1, 2),
(365, 1, 95, 'delete', 1, 2),
(366, 1, 95, 'edit', 1, 2),
(367, 1, 95, 'add', 1, 2),
(368, 1, 96, 'read', 1, 2),
(369, 1, 96, 'delete', 1, 2),
(370, 1, 96, 'edit', 1, 2),
(371, 1, 96, 'add', 1, 2),
(372, 1, 97, 'read', 1, 2),
(373, 1, 97, 'delete', 1, 2),
(374, 1, 97, 'edit', 1, 2),
(375, 1, 97, 'add', 1, 2),
(376, 1, 98, 'read', 1, 2),
(377, 1, 98, 'delete', 1, 2),
(378, 1, 98, 'edit', 1, 2),
(379, 1, 98, 'add', 1, 2),
(380, 1, 99, 'read', 1, 2),
(381, 1, 99, 'delete', 1, 2),
(382, 1, 99, 'edit', 1, 2),
(383, 1, 99, 'add', 1, 2),
(384, 1, 100, 'read', 1, 2),
(385, 1, 100, 'delete', 1, 2),
(386, 1, 100, 'edit', 1, 2),
(387, 1, 100, 'add', 1, 2),
(388, 1, 101, 'read', 1, 2),
(389, 1, 101, 'delete', 1, 2),
(390, 1, 101, 'edit', 1, 2),
(391, 1, 101, 'add', 1, 2),
(392, 2, 102, 'receive', 1, 2),
(393, 2, 102, 'issue', 1, 2),
(394, 3, 103, 'read', 1, 2),
(395, 3, 103, 'delete', 1, 2),
(396, 3, 103, 'edit', 1, 2),
(397, 3, 103, 'add', 1, 2),
(398, 1, 104, 'read', 1, 2),
(399, 1, 104, 'delete', 1, 2),
(400, 1, 104, 'edit', 1, 2),
(401, 1, 104, 'add', 1, 2),
(402, 4, 105, 'read', 1, 2),
(403, 4, 106, 'read', 1, 2),
(404, 4, 107, 'read', 1, 2),
(405, 2, 108, 'read', 1, 2),
(406, 2, 108, 'delete', 1, 2),
(407, 2, 108, 'edit', 1, 2),
(408, 2, 108, 'add', 1, 2),
(409, 2, 108, 'convert_to_order', 1, 2),
(410, 4, 107, 'UPDATE_MRP', 1, 2),
(411, 4, 109, 'read', 1, 2),
(412, 4, 110, 'read', 1, 2),
(413, 4, 111, 'read', 1, 2),
(414, 1, 93, 'sync', 1, 1),
(415, 2, 112, 'delete', 1, 2),
(416, 2, 112, 'add', 1, 2),
(417, 2, 113, 'delete', 1, 2),
(418, 2, 113, 'add', 1, 2),
(423, 3, 115, 'read', 1, 2),
(424, 3, 115, 'delete', 1, 2),
(425, 3, 115, 'edit', 1, 2),
(426, 3, 115, 'add', 1, 2),
(427, 2, 116, 'read', 1, 2),
(428, 2, 116, 'delete', 1, 2),
(429, 2, 116, 'edit', 1, 2),
(430, 2, 116, 'add', 1, 2),
(431, 4, 117, 'read', 1, 2),
(432, 4, 118, 'read', 1, 2),
(433, 4, 119, 'read', 1, 2),
(434, 4, 120, 'read', 1, 2),
(435, 4, 121, 'read', 1, 2),
(436, 4, 122, 'read', 1, 2),
(437, 4, 123, 'read', 1, 2),
(438, 4, 124, 'read', 1, 2),
(439, 4, 125, 'read', 1, 2),
(440, 2, 126, 'delete', 1, 2),
(441, 2, 126, 'read', 1, 2),
(442, 2, 126, 'edit', 1, 2),
(443, 2, 126, 'add', 1, 2),
(444, 4, 127, 'read', 1, 2),
(445, 4, 128, 'read', 1, 2),
(446, 4, 128, 'excel', 1, 2),
(447, 4, 129, 'read', 1, 2),
(448, 4, 130, 'read', 1, 2),
(449, 4, 131, 'read', 1, 2),
(450, 1, 132, 'read', 1, 2),
(451, 1, 132, 'delete', 1, 2),
(452, 1, 132, 'edit', 1, 2),
(453, 1, 132, 'add', 1, 2),
(454, 1, 133, 'read', 1, 2),
(455, 1, 133, 'delete', 1, 2),
(456, 1, 133, 'edit', 1, 2),
(457, 1, 133, 'add', 1, 2),
(458, 2, 134, 'add', 1, 2),
(459, 2, 134, 'edit', 1, 2),
(460, 2, 134, 'delete', 1, 2),
(461, 2, 134, 'read', 1, 2),
(462, 2, 135, 'read', 1, 2),
(463, 2, 135, 'delete', 1, 2),
(464, 2, 135, 'edit', 1, 2),
(465, 2, 135, 'add', 1, 2),
(466, 1, 136, 'read', 1, 2),
(467, 1, 136, 'delete', 1, 2),
(468, 1, 136, 'edit', 1, 2),
(469, 1, 136, 'add', 1, 2),
(470, 4, 137, 'read', 1, 2),
(471, 1, 138, 'delete', 1, 2),
(472, 1, 138, 'read', 1, 2),
(473, 1, 138, 'edit', 1, 2),
(474, 1, 138, 'add', 1, 2),
(475, 1, 139, 'delete', 1, 2),
(476, 1, 139, 'read', 1, 2),
(477, 1, 139, 'edit', 1, 2),
(478, 1, 139, 'add', 1, 2),
(479, 1, 140, 'delete', 1, 2),
(480, 1, 140, 'read', 1, 2),
(481, 1, 140, 'edit', 1, 2),
(482, 1, 140, 'add', 1, 2),
(483, 1, 141, 'delete', 1, 2),
(484, 1, 141, 'edit', 1, 2),
(485, 1, 141, 'add', 1, 2),
(486, 1, 142, 'delete', 1, 2),
(487, 1, 142, 'edit', 1, 2),
(488, 1, 142, 'add', 1, 2),
(489, 1, 143, 'delete', 1, 2),
(490, 1, 143, 'edit', 1, 2),
(491, 1, 143, 'add', 1, 2),
(492, 3, 144, 'read', 1, 2),
(493, 3, 144, 'delete', 1, 2),
(494, 3, 144, 'edit', 1, 2),
(495, 3, 144, 'add', 1, 2),
(496, 4, 145, 'read', 1, 2),
(497, 4, 146, 'read', 1, 2),
(498, 2, 36, 'bill', 1, 2),
(499, 2, 135, 'bill', 1, 2),
(500, 4, 147, 'read', 1, 2),
(501, 4, 148, 'read', 1, 2),
(502, 4, 131, '', 0, 2),
(503, 4, 120, 'excel', 1, 2),
(504, 4, 119, 'excel', 1, 2),
(505, 4, 149, 'read', 1, 2),
(506, 4, 148, 'excel', 1, 2),
(507, 4, 147, 'excel', 1, 2),
(508, 4, 109, 'excel', 1, 2),
(509, 4, 106, 'excel', 1, 2),
(510, 4, 110, 'excel', 1, 2),
(511, 4, 105, 'excel', 1, 2),
(512, 2, 113, 'edit', 1, 2),
(513, 2, 112, 'edit', 1, 2),
(514, 4, 137, 'excel', 1, 2),
(515, 4, 131, 'excel', 1, 2);

-- --------------------------------------------------------

--
-- Table structure for table `menu_action_user_trans`
--

CREATE TABLE `menu_action_user_trans` (
  `maut_id` int(11) NOT NULL,
  `maut_user_id` int(11) NOT NULL,
  `maut_mat_id` int(11) NOT NULL
) ENGINE=InnoDB DEFAULT CHARSET=utf8 COLLATE=utf8_general_ci;

--
-- Dumping data for table `menu_action_user_trans`
--

INSERT INTO `menu_action_user_trans` (`maut_id`, `maut_user_id`, `maut_mat_id`) VALUES
(1, 1, 5),
(2, 1, 6),
(3, 1, 7),
(4, 1, 1),
(5, 1, 3),
(6, 1, 9),
(7, 1, 10),
(8, 1, 11),
(18, 9, 9),
(20, 9, 11),
(50, 9, 10),
(52, 9, 1),
(53, 9, 3),
(56, 1, 14),
(57, 9, 14),
(58, 1, 13),
(59, 1, 15),
(61, 9, 13),
(62, 9, 15),
(68, 4, 14),
(71, 5, 14),
(74, 6, 14),
(77, 7, 14),
(80, 10, 14),
(81, 10, 15),
(83, 12, 14),
(95, 1, 17),
(96, 1, 18),
(97, 1, 19),
(98, 9, 17),
(99, 9, 18),
(100, 9, 19),
(101, 2, 17),
(102, 2, 18),
(103, 2, 19),
(105, 4, 17),
(106, 4, 18),
(109, 5, 17),
(110, 5, 18),
(113, 6, 17),
(114, 6, 18),
(117, 7, 17),
(118, 7, 18),
(121, 10, 17),
(122, 10, 18),
(123, 10, 19),
(125, 12, 17),
(126, 12, 18),
(130, 1, 21),
(131, 1, 22),
(132, 1, 23),
(167, 1, 25),
(168, 1, 26),
(169, 1, 27),
(170, 9, 25),
(171, 9, 26),
(172, 9, 27),
(173, 2, 25),
(174, 2, 26),
(175, 2, 27),
(181, 5, 25),
(182, 5, 26),
(185, 6, 25),
(186, 6, 26),
(189, 7, 25),
(190, 7, 26),
(193, 10, 25),
(194, 10, 26),
(195, 10, 27),
(197, 12, 25),
(198, 12, 26),
(208, 1, 29),
(209, 1, 30),
(210, 1, 31),
(211, 9, 29),
(212, 9, 30),
(213, 9, 31),
(214, 2, 29),
(215, 2, 30),
(216, 2, 31),
(236, 1, 33),
(237, 1, 34),
(238, 1, 35),
(239, 9, 33),
(240, 9, 34),
(241, 9, 35),
(242, 2, 33),
(243, 2, 34),
(244, 2, 35),
(246, 4, 33),
(247, 4, 34),
(250, 5, 33),
(251, 5, 34),
(254, 6, 33),
(255, 6, 34),
(258, 7, 33),
(259, 7, 34),
(262, 10, 33),
(263, 10, 34),
(266, 12, 33),
(267, 12, 34),
(270, 1, 37),
(271, 1, 38),
(272, 1, 39),
(273, 9, 37),
(274, 9, 38),
(275, 9, 39),
(276, 2, 37),
(277, 2, 38),
(278, 2, 39),
(298, 1, 41),
(299, 1, 42),
(300, 1, 43),
(301, 9, 41),
(302, 9, 42),
(303, 9, 43),
(304, 2, 41),
(305, 2, 42),
(306, 2, 43),
(307, 4, 41),
(308, 4, 42),
(310, 5, 41),
(311, 5, 42),
(316, 7, 41),
(319, 10, 41),
(320, 10, 42),
(322, 12, 41),
(323, 12, 42),
(326, 1, 45),
(327, 1, 46),
(328, 1, 47),
(329, 9, 45),
(330, 9, 46),
(331, 9, 47),
(332, 2, 45),
(333, 2, 46),
(334, 2, 47),
(335, 4, 45),
(336, 4, 46),
(338, 5, 45),
(339, 5, 46),
(341, 6, 45),
(342, 6, 46),
(344, 7, 45),
(345, 7, 46),
(347, 10, 45),
(348, 10, 46),
(350, 12, 45),
(351, 12, 46),
(354, 1, 49),
(355, 1, 50),
(356, 1, 51),
(357, 9, 49),
(358, 9, 50),
(359, 9, 51),
(360, 2, 49),
(361, 2, 50),
(362, 2, 51),
(382, 1, 53),
(383, 1, 54),
(384, 1, 55),
(385, 9, 53),
(386, 9, 54),
(387, 9, 55),
(388, 2, 53),
(389, 2, 54),
(390, 2, 55),
(410, 1, 57),
(411, 1, 58),
(412, 1, 59),
(413, 9, 57),
(414, 9, 58),
(415, 9, 59),
(416, 2, 57),
(417, 2, 58),
(418, 2, 59),
(438, 1, 61),
(439, 1, 62),
(440, 1, 63),
(441, 9, 61),
(442, 9, 62),
(443, 9, 63),
(444, 2, 61),
(445, 2, 62),
(446, 2, 63),
(447, 4, 61),
(448, 4, 62),
(450, 5, 61),
(451, 5, 62),
(453, 6, 61),
(454, 6, 62),
(456, 7, 61),
(457, 7, 62),
(459, 10, 61),
(460, 10, 62),
(462, 12, 61),
(463, 12, 62),
(466, 1, 65),
(467, 1, 66),
(468, 1, 67),
(469, 9, 65),
(470, 9, 66),
(471, 9, 67),
(472, 2, 65),
(473, 2, 66),
(474, 2, 67),
(475, 4, 65),
(476, 4, 66),
(478, 5, 65),
(479, 5, 66),
(481, 6, 65),
(484, 7, 65),
(485, 7, 66),
(487, 10, 65),
(490, 12, 65),
(491, 12, 66),
(494, 13, 65),
(495, 13, 66),
(497, 15, 65),
(498, 15, 66),
(500, 1, 69),
(501, 1, 70),
(502, 1, 71),
(503, 9, 69),
(504, 9, 70),
(505, 9, 71),
(506, 2, 69),
(507, 2, 70),
(508, 2, 71),
(509, 4, 69),
(510, 4, 70),
(512, 5, 69),
(513, 5, 70),
(515, 6, 69),
(516, 6, 70),
(518, 7, 69),
(519, 7, 70),
(521, 10, 69),
(522, 10, 70),
(524, 12, 69),
(525, 12, 70),
(529, 13, 69),
(530, 13, 70),
(533, 15, 69),
(534, 15, 70),
(537, 1, 73),
(538, 1, 74),
(539, 1, 75),
(540, 9, 73),
(541, 9, 74),
(542, 9, 75),
(543, 2, 73),
(544, 2, 74),
(545, 2, 75),
(546, 4, 73),
(547, 4, 74),
(549, 5, 73),
(550, 5, 74),
(552, 6, 73),
(553, 6, 74),
(555, 7, 73),
(556, 7, 74),
(558, 10, 73),
(559, 10, 74),
(561, 12, 73),
(562, 12, 74),
(564, 13, 73),
(565, 13, 74),
(567, 15, 73),
(568, 15, 74),
(571, 1, 77),
(572, 1, 78),
(573, 1, 79),
(574, 9, 77),
(575, 9, 78),
(576, 9, 79),
(577, 2, 77),
(578, 2, 78),
(579, 2, 79),
(598, 1, 81),
(599, 1, 82),
(600, 1, 83),
(601, 9, 81),
(602, 9, 82),
(603, 9, 83),
(604, 2, 81),
(605, 2, 82),
(606, 2, 83),
(607, 4, 81),
(608, 4, 82),
(610, 5, 81),
(611, 5, 82),
(613, 6, 81),
(614, 6, 82),
(616, 7, 81),
(617, 7, 82),
(619, 10, 81),
(620, 10, 82),
(622, 12, 81),
(623, 12, 82),
(625, 1, 85),
(626, 1, 86),
(627, 1, 87),
(628, 9, 85),
(629, 9, 86),
(630, 9, 87),
(631, 2, 85),
(632, 2, 86),
(633, 2, 87),
(652, 1, 89),
(653, 1, 90),
(654, 1, 91),
(655, 9, 89),
(656, 9, 90),
(657, 9, 91),
(658, 2, 89),
(659, 2, 90),
(660, 2, 91),
(679, 1, 93),
(680, 1, 94),
(681, 1, 95),
(682, 9, 93),
(683, 9, 94),
(684, 9, 95),
(685, 2, 93),
(686, 2, 94),
(687, 2, 95),
(706, 1, 97),
(707, 1, 98),
(708, 1, 99),
(709, 9, 97),
(710, 9, 98),
(711, 9, 99),
(712, 2, 97),
(713, 2, 98),
(714, 2, 99),
(733, 1, 101),
(734, 1, 102),
(735, 1, 103),
(736, 9, 101),
(737, 9, 102),
(738, 9, 103),
(739, 2, 101),
(740, 2, 102),
(741, 2, 103),
(767, 1, 105),
(768, 1, 106),
(769, 1, 107),
(770, 9, 105),
(771, 9, 106),
(772, 9, 107),
(773, 2, 105),
(774, 2, 106),
(775, 2, 107),
(779, 5, 105),
(780, 5, 106),
(782, 6, 105),
(783, 6, 106),
(785, 7, 105),
(786, 7, 106),
(788, 10, 105),
(789, 10, 106),
(791, 12, 105),
(792, 12, 106),
(794, 1, 109),
(795, 1, 110),
(796, 1, 111),
(797, 9, 109),
(798, 9, 110),
(799, 9, 111),
(800, 2, 109),
(801, 2, 110),
(802, 2, 111),
(821, 1, 113),
(822, 1, 114),
(823, 1, 115),
(824, 9, 113),
(825, 9, 114),
(826, 9, 115),
(827, 2, 113),
(828, 2, 114),
(829, 2, 115),
(830, 4, 113),
(831, 4, 114),
(833, 5, 113),
(834, 5, 114),
(836, 6, 113),
(837, 6, 114),
(839, 7, 113),
(840, 7, 114),
(842, 10, 113),
(843, 10, 114),
(845, 12, 113),
(846, 12, 114),
(848, 1, 117),
(849, 1, 118),
(850, 1, 119),
(852, 9, 117),
(853, 9, 118),
(854, 9, 119),
(856, 2, 117),
(857, 2, 118),
(858, 2, 119),
(877, 1, 121),
(878, 1, 122),
(879, 1, 123),
(880, 9, 121),
(881, 9, 122),
(882, 9, 123),
(883, 2, 121),
(884, 2, 122),
(885, 2, 123),
(904, 1, 125),
(905, 1, 126),
(906, 1, 127),
(907, 9, 125),
(908, 9, 126),
(909, 9, 127),
(910, 2, 125),
(911, 2, 126),
(912, 2, 127),
(931, 1, 129),
(932, 1, 130),
(933, 1, 131),
(934, 9, 129),
(935, 9, 130),
(936, 9, 131),
(937, 2, 129),
(938, 2, 130),
(939, 2, 131),
(943, 5, 129),
(944, 5, 130),
(950, 7, 130),
(959, 1, 133),
(960, 1, 134),
(961, 1, 135),
(962, 9, 133),
(963, 9, 134),
(964, 9, 135),
(965, 2, 133),
(966, 2, 134),
(967, 2, 135),
(971, 5, 133),
(972, 5, 134),
(984, 12, 134),
(987, 1, 137),
(988, 1, 138),
(989, 1, 139),
(990, 9, 137),
(991, 9, 138),
(992, 9, 139),
(993, 2, 137),
(994, 2, 138),
(995, 2, 139),
(996, 4, 137),
(997, 4, 138),
(999, 5, 137),
(1000, 5, 138),
(1002, 6, 137),
(1003, 6, 138),
(1005, 7, 137),
(1006, 7, 138),
(1008, 10, 137),
(1011, 12, 137),
(1012, 12, 138),
(1015, 11, 137),
(1018, 14, 137),
(1021, 1, 141),
(1022, 1, 142),
(1023, 1, 143),
(1024, 9, 141),
(1025, 9, 142),
(1026, 9, 143),
(1027, 2, 141),
(1028, 2, 142),
(1029, 2, 143),
(1033, 5, 141),
(1034, 5, 142),
(1036, 6, 141),
(1037, 6, 142),
(1039, 7, 141),
(1040, 7, 142),
(1042, 10, 141),
(1043, 10, 142),
(1045, 12, 141),
(1046, 12, 142),
(1055, 13, 141),
(1056, 13, 142),
(1058, 15, 141),
(1059, 15, 142),
(1061, 1, 145),
(1062, 1, 146),
(1063, 1, 147),
(1064, 9, 145),
(1065, 9, 146),
(1066, 9, 147),
(1067, 2, 145),
(1068, 2, 146),
(1069, 2, 147),
(1070, 4, 145),
(1071, 4, 146),
(1073, 5, 145),
(1074, 5, 146),
(1076, 6, 145),
(1077, 6, 146),
(1079, 7, 145),
(1080, 7, 146),
(1082, 10, 145),
(1083, 10, 146),
(1085, 12, 145),
(1086, 12, 146),
(1088, 13, 145),
(1089, 13, 146),
(1091, 15, 145),
(1092, 15, 146),
(1094, 2, 148),
(1095, 1, 149),
(1096, 1, 150),
(1097, 1, 151),
(1098, 9, 149),
(1099, 9, 150),
(1100, 9, 151),
(1101, 2, 149),
(1102, 2, 150),
(1103, 2, 151),
(1104, 4, 149),
(1105, 4, 150),
(1107, 5, 149),
(1108, 5, 150),
(1110, 6, 149),
(1111, 6, 150),
(1113, 7, 149),
(1114, 7, 150),
(1116, 10, 149),
(1117, 10, 150),
(1119, 12, 149),
(1120, 12, 150),
(1123, 1, 154),
(1124, 9, 154),
(1125, 2, 154),
(1127, 5, 154),
(1128, 6, 154),
(1129, 7, 154),
(1130, 10, 154),
(1131, 12, 154),
(1133, 1, 158),
(1134, 9, 158),
(1145, 8, 158),
(1146, 1, 162),
(1147, 9, 162),
(1148, 2, 162),
(1149, 4, 162),
(1150, 5, 162),
(1151, 6, 162),
(1152, 7, 162),
(1153, 10, 162),
(1154, 12, 162),
(1155, 11, 162),
(1156, 14, 162),
(1157, 1, 165),
(1158, 1, 166),
(1159, 1, 167),
(1160, 9, 165),
(1161, 9, 166),
(1162, 9, 167),
(1163, 2, 165),
(1164, 2, 166),
(1165, 2, 167),
(1166, 4, 165),
(1167, 4, 166),
(1169, 5, 165),
(1170, 5, 166),
(1172, 6, 165),
(1173, 6, 166),
(1175, 7, 165),
(1176, 7, 166),
(1178, 10, 165),
(1179, 10, 166),
(1181, 12, 165),
(1182, 12, 166),
(1185, 1, 169),
(1186, 1, 170),
(1187, 1, 171),
(1188, 9, 169),
(1189, 9, 170),
(1190, 9, 171),
(1191, 2, 169),
(1192, 2, 170),
(1193, 2, 171),
(1197, 5, 169),
(1198, 5, 170),
(1203, 7, 169),
(1204, 7, 170),
(1206, 10, 169),
(1207, 10, 170),
(1209, 12, 169),
(1210, 12, 170),
(1212, 2, 172),
(1213, 1, 173),
(1214, 1, 174),
(1215, 1, 175),
(1216, 9, 173),
(1217, 9, 174),
(1218, 9, 175),
(1219, 2, 173),
(1220, 2, 174),
(1221, 2, 175),
(1225, 5, 173),
(1226, 5, 174),
(1241, 1, 177),
(1242, 1, 178),
(1243, 1, 179),
(1244, 9, 177),
(1245, 9, 178),
(1246, 9, 179),
(1247, 2, 177),
(1248, 2, 178),
(1249, 2, 179),
(1250, 4, 177),
(1253, 5, 177),
(1254, 5, 178),
(1256, 6, 177),
(1259, 7, 177),
(1260, 7, 178),
(1262, 10, 177),
(1265, 12, 177),
(1266, 12, 178),
(1269, 1, 181),
(1270, 1, 182),
(1271, 1, 183),
(1272, 9, 181),
(1273, 9, 182),
(1274, 9, 183),
(1275, 2, 181),
(1276, 2, 182),
(1277, 2, 183),
(1278, 4, 181),
(1281, 5, 181),
(1284, 6, 181),
(1287, 7, 181),
(1288, 7, 182),
(1290, 10, 181),
(1293, 12, 181),
(1294, 12, 182),
(1296, 1, 188),
(1297, 9, 188),
(1298, 2, 188),
(1299, 4, 188),
(1300, 5, 188),
(1301, 6, 188),
(1302, 7, 188),
(1303, 10, 188),
(1304, 12, 188),
(1305, 1, 236),
(1306, 9, 236),
(1307, 2, 236),
(1308, 4, 236),
(1309, 5, 236),
(1310, 6, 236),
(1311, 7, 236),
(1312, 10, 236),
(1313, 12, 236),
(1314, 1, 232),
(1315, 9, 232),
(1316, 2, 232),
(1318, 5, 232),
(1320, 7, 232),
(1323, 1, 228),
(1324, 9, 228),
(1325, 2, 228),
(1334, 1, 224),
(1335, 9, 224),
(1336, 2, 224),
(1340, 7, 224),
(1343, 1, 220),
(1344, 9, 220),
(1345, 2, 220),
(1346, 4, 220),
(1347, 5, 220),
(1348, 6, 220),
(1349, 7, 220),
(1350, 10, 220),
(1351, 12, 220),
(1352, 1, 216),
(1353, 9, 216),
(1354, 2, 216),
(1355, 4, 216),
(1356, 5, 216),
(1357, 6, 216),
(1358, 7, 216),
(1359, 10, 216),
(1360, 12, 216),
(1361, 1, 212),
(1362, 9, 212),
(1363, 2, 212),
(1365, 5, 212),
(1367, 7, 212),
(1370, 1, 208),
(1371, 9, 208),
(1372, 2, 208),
(1373, 4, 208),
(1374, 5, 208),
(1375, 6, 208),
(1376, 7, 208),
(1377, 10, 208),
(1378, 12, 208),
(1379, 1, 204),
(1380, 9, 204),
(1381, 2, 204),
(1382, 4, 204),
(1383, 5, 204),
(1384, 6, 204),
(1385, 7, 204),
(1386, 10, 204),
(1387, 12, 204),
(1388, 1, 200),
(1389, 9, 200),
(1390, 2, 200),
(1391, 4, 200),
(1392, 5, 200),
(1393, 6, 200),
(1394, 7, 200),
(1395, 10, 200),
(1396, 12, 200),
(1397, 1, 196),
(1398, 9, 196),
(1399, 2, 196),
(1400, 4, 196),
(1401, 5, 196),
(1402, 6, 196),
(1403, 7, 196),
(1404, 10, 196),
(1405, 12, 196),
(1406, 1, 192),
(1407, 9, 192),
(1408, 2, 192),
(1409, 4, 192),
(1410, 5, 192),
(1411, 6, 192),
(1412, 7, 192),
(1413, 10, 192),
(1414, 12, 192),
(1415, 2, 1),
(1416, 2, 3),
(1424, 2, 44),
(1425, 4, 44),
(1426, 5, 44),
(1427, 6, 41),
(1428, 6, 44),
(1429, 7, 44),
(1430, 10, 44),
(1431, 12, 44),
(1433, 2, 16),
(1434, 2, 13),
(1435, 2, 14),
(1437, 4, 13),
(1438, 4, 16),
(1439, 5, 13),
(1440, 5, 16),
(1441, 6, 13),
(1442, 6, 16),
(1443, 7, 13),
(1444, 7, 16),
(1445, 10, 13),
(1446, 10, 16),
(1447, 12, 13),
(1448, 12, 16),
(1461, 16, 25),
(1462, 16, 26),
(1464, 16, 28),
(1465, 16, 41),
(1466, 16, 42),
(1468, 16, 44),
(1472, 16, 140),
(1476, 16, 152),
(1480, 16, 144),
(1481, 16, 188),
(1483, 16, 192),
(1488, 17, 132),
(1489, 2, 9),
(1490, 2, 10),
(1491, 2, 11),
(1492, 1, 237),
(1493, 1, 238),
(1494, 1, 239),
(1495, 9, 237),
(1496, 9, 238),
(1497, 9, 239),
(1498, 2, 237),
(1499, 2, 238),
(1500, 2, 239),
(1504, 5, 237),
(1505, 5, 238),
(1519, 18, 41),
(1520, 18, 42),
(1521, 18, 44),
(1522, 19, 41),
(1523, 19, 42),
(1525, 19, 44),
(1526, 20, 41),
(1527, 20, 42),
(1529, 20, 44),
(1530, 11, 41),
(1531, 11, 42),
(1533, 11, 44),
(1534, 14, 141),
(1535, 14, 144),
(1536, 14, 145),
(1537, 14, 148),
(1538, 14, 165),
(1539, 14, 168),
(1540, 14, 200),
(1541, 14, 220),
(1542, 18, 137),
(1544, 18, 140),
(1545, 18, 141),
(1546, 18, 142),
(1547, 18, 144),
(1548, 18, 181),
(1550, 18, 184),
(1551, 18, 220),
(1552, 21, 200),
(1553, 22, 200),
(1554, 22, 137),
(1555, 22, 140),
(1556, 21, 137),
(1559, 21, 140),
(1560, 22, 141),
(1561, 22, 144),
(1562, 22, 145),
(1563, 22, 148),
(1565, 22, 162),
(1566, 22, 164),
(1567, 22, 165),
(1568, 22, 166),
(1570, 22, 168),
(1571, 20, 137),
(1572, 20, 138),
(1573, 20, 140),
(1576, 2, 40),
(1580, 2, 88),
(1581, 14, 140),
(1586, 2, 140),
(1587, 5, 228),
(1588, 5, 224),
(1589, 21, 141),
(1590, 21, 144),
(1591, 20, 61),
(1592, 20, 62),
(1593, 20, 64),
(1594, 20, 165),
(1595, 20, 166),
(1596, 20, 168),
(1597, 20, 141),
(1598, 20, 142),
(1599, 20, 144),
(1600, 20, 181),
(1601, 20, 182),
(1603, 20, 184),
(1604, 20, 188),
(1605, 20, 236),
(1606, 20, 192),
(1607, 19, 137),
(1609, 19, 140),
(1610, 20, 109),
(1611, 20, 110),
(1612, 20, 111),
(1613, 20, 112),
(1614, 18, 109),
(1615, 18, 110),
(1616, 18, 111),
(1617, 18, 112),
(1618, 5, 109),
(1619, 5, 110),
(1620, 5, 111),
(1621, 5, 112),
(1622, 19, 109),
(1623, 19, 110),
(1624, 19, 111),
(1625, 19, 112),
(1626, 7, 129),
(1628, 7, 132),
(1629, 5, 158),
(1630, 5, 160),
(1631, 15, 68),
(1632, 23, 16),
(1633, 25, 16),
(1634, 24, 16),
(1638, 24, 176),
(1642, 23, 176),
(1643, 24, 177),
(1644, 24, 178),
(1646, 24, 180),
(1647, 23, 177),
(1648, 23, 178),
(1650, 23, 180),
(1651, 24, 181),
(1652, 24, 182),
(1653, 24, 183),
(1654, 24, 184),
(1655, 23, 181),
(1656, 23, 182),
(1657, 23, 183),
(1658, 23, 184),
(1659, 23, 173),
(1660, 23, 174),
(1662, 24, 173),
(1663, 24, 174),
(1665, 5, 182),
(1667, 5, 184),
(1668, 12, 133),
(1670, 12, 136),
(1671, 24, 133),
(1672, 24, 134),
(1674, 24, 136),
(1675, 23, 133),
(1676, 23, 134),
(1678, 23, 136),
(1679, 24, 137),
(1680, 24, 138),
(1682, 24, 140),
(1683, 23, 137),
(1684, 23, 138),
(1686, 23, 140),
(1687, 23, 141),
(1688, 23, 142),
(1690, 23, 144),
(1691, 24, 141),
(1692, 24, 142),
(1694, 24, 144),
(1695, 24, 145),
(1696, 24, 146),
(1697, 24, 147),
(1698, 24, 148),
(1699, 23, 145),
(1700, 23, 146),
(1701, 23, 147),
(1702, 23, 148),
(1703, 24, 135),
(1704, 24, 139),
(1705, 24, 129),
(1706, 24, 130),
(1708, 24, 132),
(1709, 23, 129),
(1710, 23, 130),
(1712, 23, 132),
(1713, 24, 149),
(1714, 24, 150),
(1715, 24, 151),
(1716, 24, 152),
(1717, 23, 149),
(1718, 23, 150),
(1719, 23, 151),
(1720, 23, 152),
(1721, 25, 149),
(1724, 25, 152),
(1725, 23, 165),
(1726, 23, 166),
(1728, 23, 168),
(1729, 24, 165),
(1730, 24, 166),
(1731, 24, 167),
(1732, 24, 168),
(1733, 24, 169),
(1734, 24, 170),
(1736, 24, 172),
(1737, 23, 169),
(1738, 23, 170),
(1740, 23, 172),
(1741, 24, 188),
(1742, 23, 188),
(1743, 25, 188),
(1744, 24, 236),
(1745, 23, 236),
(1746, 25, 236),
(1747, 24, 232),
(1748, 23, 232),
(1749, 24, 228),
(1750, 23, 228),
(1751, 25, 232),
(1752, 25, 224),
(1753, 24, 224),
(1754, 23, 224),
(1755, 24, 220),
(1756, 23, 220),
(1757, 25, 220),
(1758, 24, 216),
(1759, 23, 216),
(1760, 25, 216),
(1761, 24, 212),
(1763, 23, 204),
(1764, 24, 204),
(1765, 24, 200),
(1766, 23, 200),
(1767, 24, 196),
(1768, 23, 196),
(1769, 24, 192),
(1770, 23, 192),
(1771, 25, 200),
(1772, 25, 140),
(1773, 25, 129),
(1776, 25, 132),
(1777, 25, 144),
(1778, 19, 138),
(1779, 19, 149),
(1780, 19, 150),
(1781, 19, 152),
(1782, 20, 154),
(1783, 20, 156),
(1784, 20, 158),
(1785, 20, 160),
(1786, 2, 158),
(1787, 2, 160),
(1788, 22, 220),
(1789, 1, 242),
(1790, 9, 242),
(1791, 2, 242),
(1792, 4, 242),
(1793, 5, 242),
(1794, 6, 242),
(1795, 7, 242),
(1796, 10, 242),
(1797, 12, 242),
(1798, 18, 242),
(1799, 19, 242),
(1800, 20, 242),
(1801, 23, 242),
(1802, 24, 242),
(1803, 1, 245),
(1804, 1, 246),
(1805, 1, 247),
(1807, 9, 245),
(1808, 9, 246),
(1809, 9, 247),
(1811, 2, 245),
(1812, 2, 246),
(1813, 2, 247),
(1814, 4, 245),
(1815, 4, 246),
(1816, 4, 247),
(1817, 5, 245),
(1818, 5, 246),
(1819, 5, 247),
(1820, 6, 245),
(1821, 6, 246),
(1822, 6, 247),
(1823, 7, 245),
(1824, 7, 246),
(1825, 7, 247),
(1826, 10, 245),
(1827, 10, 246),
(1828, 10, 247),
(1829, 12, 245),
(1830, 12, 246),
(1831, 12, 247),
(1832, 18, 245),
(1833, 18, 246),
(1834, 18, 247),
(1835, 19, 245),
(1836, 19, 246),
(1837, 19, 247),
(1838, 20, 245),
(1839, 20, 246),
(1840, 20, 247),
(1841, 23, 245),
(1842, 23, 246),
(1843, 23, 247),
(1844, 24, 245),
(1845, 24, 246),
(1846, 24, 247),
(1847, 26, 44),
(1848, 26, 16),
(1849, 26, 68),
(1850, 26, 188),
(1851, 26, 236),
(1852, 26, 232),
(1854, 26, 224),
(1855, 26, 220),
(1856, 26, 216),
(1857, 26, 212),
(1862, 26, 129),
(1863, 26, 132),
(1864, 26, 140),
(1865, 26, 152),
(1866, 27, 13),
(1867, 27, 14),
(1869, 27, 16),
(1870, 27, 17),
(1871, 27, 18),
(1872, 27, 19),
(1873, 27, 20),
(1874, 27, 21),
(1875, 27, 22),
(1876, 27, 23),
(1877, 27, 24),
(1878, 27, 25),
(1879, 27, 26),
(1880, 27, 27),
(1881, 27, 28),
(1882, 27, 29),
(1883, 27, 30),
(1884, 27, 31),
(1885, 27, 32),
(1886, 27, 37),
(1887, 27, 38),
(1888, 27, 39),
(1889, 27, 40),
(1890, 27, 33),
(1891, 27, 34),
(1892, 27, 35),
(1893, 27, 36),
(1894, 27, 41),
(1895, 27, 42),
(1897, 27, 44),
(1898, 27, 45),
(1899, 27, 46),
(1900, 27, 47),
(1901, 27, 48),
(1902, 14, 142),
(1903, 22, 142),
(1904, 22, 169),
(1905, 22, 172),
(1906, 14, 169),
(1907, 14, 172),
(1908, 1, 252),
(1909, 9, 252),
(1910, 2, 252),
(1911, 4, 252),
(1912, 5, 252),
(1913, 6, 252),
(1914, 7, 252),
(1915, 10, 252),
(1916, 12, 252),
(1917, 18, 252),
(1918, 19, 252),
(1919, 20, 252),
(1920, 23, 252),
(1921, 24, 252),
(1922, 27, 252),
(1923, 12, 237),
(1924, 12, 238),
(1926, 12, 240),
(1928, 28, 137),
(1929, 28, 138),
(1930, 28, 140),
(1931, 28, 133),
(1932, 28, 134),
(1933, 28, 136),
(1934, 28, 242),
(1935, 28, 141),
(1936, 28, 142),
(1937, 28, 144),
(1938, 28, 145),
(1939, 28, 146),
(1940, 28, 148),
(1941, 28, 149),
(1942, 28, 150),
(1943, 28, 152),
(1944, 28, 165),
(1945, 28, 166),
(1946, 28, 168),
(1947, 28, 13),
(1948, 28, 14),
(1949, 28, 16),
(1950, 28, 41),
(1951, 28, 42),
(1952, 28, 44),
(1953, 28, 65),
(1954, 28, 66),
(1955, 28, 68),
(1956, 28, 113),
(1957, 28, 114),
(1958, 28, 116),
(1959, 28, 188),
(1960, 28, 236),
(1961, 28, 224),
(1962, 28, 220),
(1963, 28, 252),
(1964, 28, 200),
(1965, 28, 192),
(1966, 28, 181),
(1967, 28, 182),
(1968, 28, 183),
(1969, 28, 184),
(1970, 28, 245),
(1971, 28, 246),
(1972, 28, 247),
(1973, 28, 248),
(1974, 29, 137),
(1975, 29, 138),
(1976, 29, 140),
(1977, 30, 65),
(1978, 30, 66),
(1979, 30, 68),
(1980, 31, 65),
(1981, 31, 66),
(1982, 31, 68),
(1983, 1, 253),
(1984, 1, 256),
(1985, 9, 253),
(1986, 9, 256),
(1987, 32, 137),
(1988, 32, 138),
(1989, 32, 140),
(1990, 2, 253),
(1991, 2, 256),
(1992, 1, 260),
(1994, 2, 260),
(1996, 20, 169),
(1997, 20, 170),
(1999, 20, 172),
(2000, 5, 253),
(2001, 5, 256),
(2002, 33, 236),
(2003, 33, 220),
(2006, 25, 192),
(2007, 34, 133),
(2008, 34, 136),
(2009, 34, 137),
(2010, 34, 140),
(2013, 34, 145),
(2014, 34, 148),
(2015, 34, 162),
(2016, 34, 164),
(2017, 34, 165),
(2018, 34, 168),
(2019, 34, 169),
(2020, 34, 172),
(2021, 34, 220),
(2022, 33, 44),
(2023, 10, 43),
(2025, 18, 253),
(2026, 18, 256),
(2027, 6, 253),
(2028, 6, 256),
(2029, 23, 253),
(2030, 23, 256),
(2031, 7, 253),
(2032, 7, 256),
(2033, 24, 253),
(2034, 24, 256),
(2035, 19, 253),
(2036, 19, 256),
(2037, 35, 220),
(2038, 2, 261),
(2039, 2, 262),
(2040, 2, 263),
(2041, 10, 261),
(2042, 10, 262),
(2043, 10, 263),
(2044, 10, 264),
(2045, 1, 261),
(2046, 1, 262),
(2047, 1, 263),
(2048, 1, 264),
(2049, 9, 261),
(2050, 9, 262),
(2051, 9, 263),
(2052, 9, 264),
(2053, 20, 65),
(2054, 20, 66),
(2055, 20, 68),
(2056, 17, 68),
(2057, 17, 188),
(2058, 17, 236),
(2059, 17, 220),
(2062, 13, 220),
(2063, 23, 65),
(2064, 23, 66),
(2065, 23, 67),
(2066, 23, 68),
(2067, 21, 162),
(2068, 21, 164),
(2069, 31, 220),
(2070, 30, 220),
(2071, 30, 260),
(2072, 31, 260),
(2073, 14, 133),
(2074, 14, 136),
(2075, 22, 133),
(2076, 22, 136),
(2077, 19, 65),
(2078, 19, 66),
(2079, 19, 68),
(2080, 19, 220),
(2081, 23, 13),
(2082, 23, 14),
(2083, 23, 17),
(2084, 23, 18),
(2085, 23, 20),
(2086, 23, 25),
(2087, 23, 26),
(2088, 23, 27),
(2089, 23, 28),
(2090, 23, 33),
(2091, 23, 34),
(2092, 23, 35),
(2093, 23, 36),
(2094, 23, 41),
(2095, 23, 42),
(2096, 23, 44),
(2097, 23, 45),
(2098, 23, 46),
(2099, 23, 47),
(2100, 23, 48),
(2101, 23, 53),
(2102, 23, 54),
(2103, 23, 55),
(2104, 23, 56),
(2105, 23, 57),
(2106, 23, 58),
(2107, 23, 59),
(2108, 23, 60),
(2109, 23, 73),
(2110, 23, 74),
(2111, 23, 75),
(2112, 23, 76),
(2113, 23, 69),
(2114, 23, 70),
(2115, 23, 71),
(2116, 23, 72),
(2117, 23, 93),
(2118, 23, 94),
(2119, 23, 95),
(2120, 23, 96),
(2121, 23, 97),
(2122, 23, 98),
(2123, 23, 99),
(2124, 23, 100),
(2125, 23, 101),
(2126, 23, 102),
(2127, 23, 103),
(2128, 23, 104),
(2129, 23, 109),
(2130, 23, 110),
(2131, 23, 111),
(2132, 23, 112),
(2133, 23, 113),
(2134, 23, 114),
(2135, 23, 115),
(2136, 23, 116),
(2137, 23, 125),
(2138, 23, 126),
(2139, 23, 127),
(2140, 23, 128),
(2141, 22, 204),
(2142, 14, 204),
(2144, 1, 265),
(2145, 1, 266),
(2146, 1, 267),
(2147, 2, 265),
(2148, 2, 266),
(2149, 2, 267),
(2150, 10, 265),
(2151, 10, 266),
(2153, 32, 141),
(2154, 32, 144),
(2155, 34, 141),
(2156, 34, 144),
(2157, 32, 169),
(2158, 32, 170),
(2159, 32, 172),
(2160, 27, 169),
(2161, 27, 170),
(2163, 27, 172),
(2164, 17, 129),
(2165, 17, 44),
(2166, 28, 216),
(2167, 1, 269),
(2168, 1, 270),
(2169, 1, 271),
(2170, 2, 269),
(2171, 2, 270),
(2172, 2, 271),
(2173, 22, 138),
(2174, 28, 269),
(2175, 28, 270),
(2176, 28, 272),
(2177, 30, 269),
(2178, 30, 270),
(2179, 30, 272),
(2180, 31, 269),
(2181, 31, 270),
(2182, 31, 272),
(2183, 32, 269),
(2184, 32, 270),
(2185, 32, 272),
(2186, 5, 269),
(2187, 5, 270),
(2188, 5, 272),
(2189, 20, 269),
(2190, 20, 270),
(2192, 20, 272),
(2193, 12, 269),
(2194, 12, 270),
(2196, 12, 272),
(2197, 32, 65),
(2198, 32, 66),
(2199, 32, 68),
(2200, 20, 265),
(2201, 20, 266),
(2202, 20, 268),
(2203, 15, 137),
(2204, 15, 138),
(2205, 15, 140),
(2206, 32, 216),
(2207, 32, 220),
(2208, 32, 149),
(2209, 32, 150),
(2210, 32, 152),
(2211, 1, 273),
(2212, 18, 138),
(2214, 2, 273),
(2216, 12, 140),
(2217, 12, 273),
(2219, 5, 140),
(2221, 5, 273),
(2222, 4, 93),
(2223, 4, 94),
(2224, 4, 96),
(2225, 32, 41),
(2226, 32, 42),
(2227, 32, 44),
(2228, 4, 228),
(2229, 6, 68),
(2230, 19, 236),
(2231, 4, 158),
(2232, 4, 160),
(2233, 4, 154),
(2234, 4, 156),
(2237, 32, 165),
(2238, 32, 168),
(2239, 1, 277),
(2240, 2, 277),
(2242, 1, 278),
(2243, 2, 278),
(2244, 4, 278),
(2245, 5, 278),
(2246, 6, 278),
(2247, 7, 278),
(2248, 10, 278),
(2249, 12, 278),
(2250, 18, 278),
(2251, 19, 278),
(2252, 20, 220),
(2253, 20, 278),
(2254, 23, 278),
(2255, 24, 278),
(2256, 27, 220),
(2257, 27, 278),
(2258, 11, 220),
(2259, 11, 278),
(2260, 14, 278),
(2261, 21, 220),
(2262, 21, 278),
(2263, 22, 278),
(2264, 29, 220),
(2266, 34, 278),
(2267, 35, 278),
(2272, 1, 279),
(2273, 1, 280),
(2274, 1, 281),
(2275, 2, 279),
(2276, 2, 280),
(2277, 2, 281),
(2281, 2, 287),
(2282, 2, 288),
(2283, 2, 289),
(2284, 1, 284),
(2285, 2, 284),
(2286, 37, 220),
(2287, 36, 220),
(2288, 23, 277),
(2289, 24, 277),
(2290, 5, 287),
(2291, 5, 288),
(2292, 5, 290),
(2293, 5, 284),
(2294, 5, 286),
(2295, 2, 290),
(2296, 2, 286),
(2298, 5, 277),
(2299, 6, 287),
(2300, 6, 288),
(2301, 6, 290),
(2302, 5, 265),
(2303, 5, 266),
(2304, 5, 268),
(2305, 1, 291),
(2306, 2, 291),
(2307, 24, 291),
(2308, 23, 291),
(2309, 25, 291),
(2310, 7, 291),
(2312, 7, 277),
(2314, 25, 277),
(2315, 19, 216),
(2316, 19, 192),
(2317, 19, 287),
(2318, 19, 288),
(2319, 19, 290),
(2320, 5, 291),
(2321, 13, 278),
(2322, 2, 292),
(2323, 2, 293),
(2324, 2, 294),
(2325, 14, 253),
(2326, 14, 256),
(2327, 18, 192),
(2328, 22, 253),
(2329, 22, 256),
(2330, 34, 253),
(2331, 34, 256),
(2332, 6, 224),
(2333, 25, 278),
(2334, 20, 177),
(2335, 20, 178),
(2336, 18, 224),
(2337, 35, 284),
(2338, 35, 286),
(2339, 22, 284),
(2340, 22, 286),
(2341, 34, 284),
(2342, 34, 286),
(2343, 1, 287),
(2344, 1, 288),
(2345, 1, 289),
(2346, 14, 284),
(2347, 14, 286),
(2348, 6, 169),
(2349, 6, 170),
(2350, 6, 172),
(2351, 26, 277),
(2352, 26, 291),
(2353, 13, 105),
(2354, 13, 106),
(2355, 20, 105),
(2356, 20, 106),
(2357, 26, 278),
(2358, 4, 125),
(2359, 4, 126),
(2360, 4, 128),
(2361, 26, 192),
(2362, 38, 253),
(2363, 38, 256),
(2364, 1, 304),
(2365, 1, 308),
(2366, 1, 306),
(2367, 1, 307),
(2368, 1, 299),
(2369, 1, 297),
(2370, 1, 298),
(2371, 1, 303),
(2372, 1, 301),
(2373, 1, 302),
(2374, 1, 309),
(2375, 1, 311),
(2376, 1, 310),
(2377, 1, 312),
(2378, 12, 253),
(2379, 12, 256),
(2380, 38, 44),
(2381, 38, 137),
(2382, 38, 140),
(2383, 38, 144),
(2384, 38, 148),
(2385, 38, 168),
(2386, 2, 303),
(2387, 2, 301),
(2388, 2, 302),
(2389, 2, 300),
(2390, 14, 303),
(2391, 14, 300),
(2392, 22, 303),
(2393, 22, 300),
(2394, 34, 303),
(2395, 34, 300),
(2396, 30, 303),
(2397, 30, 300),
(2400, 5, 303),
(2401, 5, 302),
(2402, 5, 300),
(2403, 12, 303),
(2404, 12, 302),
(2405, 12, 300),
(2406, 6, 303),
(2407, 6, 300),
(2408, 19, 303),
(2409, 19, 300),
(2410, 2, 299),
(2411, 2, 297),
(2412, 2, 298),
(2413, 2, 296),
(2414, 5, 299),
(2415, 5, 298),
(2416, 5, 296),
(2417, 12, 299),
(2418, 12, 298),
(2420, 19, 299),
(2421, 19, 296),
(2422, 6, 299),
(2423, 6, 296),
(2424, 12, 296),
(2425, 2, 308),
(2426, 2, 306),
(2427, 2, 307),
(2428, 2, 305),
(2429, 22, 308),
(2430, 22, 305),
(2431, 14, 308),
(2432, 14, 305),
(2433, 34, 308),
(2434, 34, 305),
(2435, 21, 308),
(2436, 21, 305),
(2437, 22, 299),
(2438, 22, 296),
(2439, 14, 299),
(2440, 14, 296),
(2441, 21, 299),
(2442, 21, 296),
(2443, 21, 303),
(2444, 21, 300),
(2445, 1, 314),
(2446, 1, 313),
(2447, 1, 315),
(2448, 1, 316),
(2449, 1, 317),
(2450, 1, 318),
(2451, 2, 314),
(2452, 23, 314),
(2453, 24, 314),
(2454, 26, 314),
(2455, 2, 313),
(2456, 24, 313),
(2457, 26, 313),
(2458, 23, 313),
(2459, 5, 313),
(2460, 12, 313),
(2461, 5, 314),
(2462, 26, 318),
(2463, 24, 318),
(2464, 23, 318),
(2465, 2, 318),
(2466, 40, 149),
(2467, 40, 150),
(2468, 40, 152),
(2469, 40, 41),
(2470, 40, 42),
(2471, 40, 44),
(2472, 40, 137),
(2473, 40, 138),
(2474, 40, 140),
(2475, 40, 192),
(2476, 40, 303),
(2477, 40, 300),
(2478, 40, 220),
(2479, 40, 165),
(2480, 40, 166),
(2481, 40, 168),
(2485, 6, 269),
(2486, 6, 270),
(2487, 6, 272),
(2488, 1, 322),
(2489, 1, 320),
(2490, 1, 321),
(2491, 40, 253),
(2492, 40, 256),
(2493, 40, 269),
(2494, 40, 270),
(2495, 40, 145),
(2496, 40, 146),
(2497, 40, 148),
(2498, 40, 133),
(2499, 40, 134),
(2500, 40, 136),
(2501, 40, 169),
(2502, 40, 170),
(2503, 40, 172),
(2504, 40, 141),
(2505, 40, 142),
(2506, 40, 144),
(2507, 41, 137),
(2508, 41, 138),
(2509, 41, 140),
(2510, 1, 323),
(2511, 38, 149),
(2512, 38, 150),
(2513, 38, 152),
(2514, 40, 236),
(2515, 40, 181),
(2516, 40, 182),
(2517, 40, 184),
(2518, 1, 327),
(2519, 1, 325),
(2520, 1, 326),
(2521, 43, 21),
(2522, 1, 331),
(2523, 1, 329),
(2524, 1, 330),
(2525, 2, 21),
(2526, 1, 335),
(2527, 1, 333),
(2528, 1, 334),
(2529, 1, 339),
(2530, 1, 337),
(2531, 1, 338),
(2532, 1, 347),
(2533, 1, 345),
(2534, 1, 346),
(2535, 1, 343),
(2536, 1, 341),
(2537, 1, 342),
(2538, 1, 351),
(2539, 1, 349),
(2540, 1, 350),
(2541, 1, 355),
(2542, 1, 353),
(2543, 1, 354),
(2544, 1, 359),
(2545, 1, 357),
(2546, 1, 358),
(2547, 1, 363),
(2548, 1, 361),
(2549, 1, 362),
(2550, 1, 367),
(2551, 1, 365),
(2552, 1, 366),
(2553, 1, 371),
(2554, 1, 369),
(2555, 1, 370),
(2556, 1, 375),
(2557, 1, 373),
(2558, 1, 374),
(2559, 1, 379),
(2560, 1, 377),
(2561, 1, 378),
(2562, 1, 383),
(2563, 1, 381),
(2564, 1, 382),
(2565, 2, 383),
(2566, 2, 381),
(2567, 2, 382),
(2568, 1, 387),
(2569, 1, 385),
(2570, 1, 386),
(2571, 1, 391),
(2572, 1, 389),
(2573, 1, 390),
(2574, 1, 393),
(2575, 1, 392),
(2576, 4, 393),
(2577, 4, 392),
(2578, 1, 397),
(2579, 1, 395),
(2580, 1, 396),
(2581, 2, 397),
(2582, 2, 395),
(2583, 2, 396),
(2584, 1, 401),
(2585, 1, 399),
(2586, 1, 400),
(2587, 1, 402),
(2588, 2, 402),
(2589, 1, 403),
(2590, 2, 403),
(2591, 1, 404),
(2592, 2, 404),
(2593, 1, 408),
(2594, 1, 406),
(2595, 1, 407),
(2596, 2, 408),
(2597, 2, 406),
(2598, 2, 407),
(2599, 1, 409),
(2600, 2, 409),
(2601, 1, 410),
(2602, 1, 411),
(2603, 2, 411),
(2604, 1, 412),
(2605, 2, 412),
(2606, 1, 413),
(2607, 2, 413),
(2608, 1, 414),
(2609, 1, 418),
(2610, 1, 417),
(2611, 2, 418),
(2612, 2, 417),
(2613, 1, 416),
(2614, 1, 415),
(2615, 2, 416),
(2616, 2, 415),
(2617, 4, 420),
(2618, 4, 419),
(2619, 1, 426),
(2620, 1, 424),
(2621, 1, 425),
(2623, 4, 426),
(2624, 4, 424),
(2625, 4, 425),
(2626, 4, 423),
(2627, 2, 448),
(2628, 1, 448),
(2629, 2, 447),
(2630, 1, 447),
(2631, 2, 446),
(2632, 2, 445),
(2633, 1, 446),
(2634, 1, 445),
(2635, 2, 449),
(2636, 1, 449),
(2637, 1, 453),
(2638, 1, 451),
(2639, 1, 452),
(2641, 2, 453),
(2642, 2, 451),
(2643, 2, 452),
(2645, 1, 457),
(2646, 1, 455),
(2647, 1, 456),
(2649, 2, 457),
(2650, 2, 455),
(2651, 2, 456),
(2653, 1, 465),
(2654, 1, 463),
(2655, 1, 464),
(2657, 2, 465),
(2658, 2, 463),
(2659, 2, 464),
(2661, 1, 458),
(2662, 1, 460),
(2663, 1, 459),
(2664, 1, 461),
(2665, 2, 458),
(2666, 2, 460),
(2667, 2, 459),
(2668, 2, 461),
(2669, 1, 469),
(2670, 1, 467),
(2671, 1, 468),
(2673, 2, 469),
(2674, 2, 467),
(2675, 2, 468),
(2677, 2, 470),
(2678, 1, 470),
(2679, 2, 351),
(2680, 2, 349),
(2681, 2, 350),
(2682, 2, 331),
(2683, 2, 329),
(2684, 2, 330),
(2686, 2, 347),
(2687, 2, 345),
(2688, 2, 346),
(2690, 4, 347),
(2691, 4, 345),
(2692, 4, 346),
(2693, 4, 344),
(2694, 2, 335),
(2695, 2, 333),
(2696, 2, 334),
(2698, 4, 375),
(2699, 4, 373),
(2700, 4, 374),
(2701, 4, 339),
(2702, 4, 337),
(2703, 4, 338),
(2704, 2, 339),
(2705, 2, 337),
(2706, 2, 338),
(2707, 2, 359),
(2708, 2, 357),
(2709, 2, 358),
(2710, 2, 355),
(2711, 2, 353),
(2712, 2, 354),
(2713, 2, 387),
(2714, 2, 385),
(2715, 2, 386),
(2716, 2, 367),
(2717, 2, 365),
(2718, 2, 366),
(2719, 2, 371),
(2720, 2, 369),
(2721, 2, 370),
(2722, 5, 371),
(2723, 5, 369),
(2724, 5, 370),
(2725, 4, 371),
(2726, 4, 369),
(2727, 4, 370),
(2728, 2, 379),
(2729, 2, 377),
(2730, 2, 378),
(2731, 2, 391),
(2732, 2, 389),
(2733, 2, 390),
(2734, 2, 363),
(2735, 2, 361),
(2736, 2, 362),
(2737, 2, 401),
(2738, 2, 399),
(2739, 2, 400),
(2740, 2, 343),
(2741, 2, 341),
(2742, 2, 342),
(2743, 1, 482),
(2744, 1, 479),
(2745, 1, 481),
(2746, 2, 482),
(2747, 2, 479),
(2748, 2, 481),
(2749, 2, 478),
(2750, 2, 475),
(2751, 2, 477),
(2752, 5, 478),
(2753, 5, 475),
(2754, 5, 477),
(2755, 1, 478),
(2756, 1, 475),
(2757, 1, 477),
(2758, 2, 474),
(2759, 2, 471),
(2760, 2, 473),
(2761, 1, 474),
(2762, 1, 471),
(2763, 1, 473),
(2764, 2, 485),
(2765, 2, 483),
(2766, 2, 484),
(2767, 1, 485),
(2768, 1, 483),
(2769, 1, 484),
(2771, 2, 491),
(2772, 2, 489),
(2773, 2, 490),
(2774, 1, 491),
(2775, 1, 489),
(2776, 1, 490),
(2777, 2, 488),
(2778, 2, 486),
(2779, 2, 487),
(2780, 1, 488),
(2781, 1, 486),
(2782, 1, 487),
(2783, 6, 491),
(2785, 6, 490),
(2786, 1, 495),
(2787, 1, 493),
(2788, 1, 494),
(2789, 1, 496),
(2790, 1, 497),
(2791, 2, 426),
(2792, 2, 424),
(2793, 2, 425),
(2794, 2, 495),
(2795, 2, 493),
(2796, 2, 494),
(2797, 2, 375),
(2798, 2, 373),
(2799, 2, 374),
(2800, 1, 498),
(2801, 2, 498),
(2802, 1, 499),
(2803, 2, 499),
(2804, 2, 500),
(2805, 1, 500),
(2806, 2, 501),
(2807, 1, 501),
(2808, 2, 434),
(2809, 1, 434),
(2810, 2, 503),
(2811, 1, 503),
(2812, 2, 504),
(2813, 2, 433),
(2814, 1, 504),
(2815, 1, 433),
(2816, 2, 505),
(2817, 1, 505),
(2818, 2, 506),
(2819, 1, 506),
(2820, 2, 507),
(2821, 1, 507),
(2822, 2, 508),
(2823, 1, 508),
(2824, 2, 509),
(2825, 1, 509),
(2826, 2, 510),
(2827, 1, 510),
(2828, 2, 511),
(2829, 1, 511),
(2830, 2, 512),
(2831, 1, 512),
(2832, 2, 513),
(2833, 1, 513),
(2834, 2, 514),
(2835, 1, 514),
(2836, 2, 515),
(2837, 1, 515);

-- --------------------------------------------------------

--
-- Table structure for table `menu_master`
--

CREATE TABLE `menu_master` (
  `menu_id` int(11) NOT NULL,
  `menu_js` varchar(50) NOT NULL,
  `menu_name` varchar(50) NOT NULL,
  `menu_url` text NOT NULL,
  `menu_status` tinyint(4) NOT NULL DEFAULT 1,
  `menu_created_by` int(11) NOT NULL,
  `menu_created_at` datetime NOT NULL,
  `menu_updated_by` int(11) NOT NULL,
  `menu_updated_at` datetime NOT NULL
) ENGINE=InnoDB DEFAULT CHARSET=utf8 COLLATE=utf8_general_ci;

--
-- Dumping data for table `menu_master`
--

INSERT INTO `menu_master` (`menu_id`, `menu_js`, `menu_name`, `menu_url`, `menu_status`, `menu_created_by`, `menu_created_at`, `menu_updated_by`, `menu_updated_at`) VALUES
(1, 'master', 'master', '', 1, 1, '2022-06-09 20:40:14', 1, '2025-06-03 19:37:32'),
(2, 'transaction', 'transaction', '', 1, 1, '2022-06-10 20:49:11', 1, '2025-06-03 19:43:48'),
(3, 'voucher', 'voucher', '', 0, 1, '2023-06-05 20:24:45', 1, '2025-06-03 19:11:08'),
(4, 'report', 'report', '', 0, 1, '2023-06-23 21:17:39', 1, '2025-06-03 19:11:01');

-- --------------------------------------------------------

--
-- Table structure for table `menu_trans`
--

CREATE TABLE `menu_trans` (
  `mt_id` int(11) NOT NULL,
  `mt_menu_id` int(11) NOT NULL,
  `mt_position` int(11) NOT NULL,
  `mt_js` varchar(50) NOT NULL,
  `mt_name` varchar(50) NOT NULL,
  `mt_url` text NOT NULL,
  `mt_status` tinyint(4) NOT NULL DEFAULT 1,
  `mt_type` tinyint(4) NOT NULL DEFAULT 2
) ENGINE=InnoDB DEFAULT CHARSET=utf8 COLLATE=utf8_general_ci;

--
-- Dumping data for table `menu_trans`
--

INSERT INTO `menu_trans` (`mt_id`, `mt_menu_id`, `mt_position`, `mt_js`, `mt_name`, `mt_url`, `mt_status`, `mt_type`) VALUES
(1, 1, 0, 'user_rights', 'user rights', 'user_rights?action=list', 1, 2),
(2, 1, 0, 'menu', 'menu', 'menu?action=list', 1, 1),
(3, 1, 0, 'role', 'role', 'role?action=list', 1, 2),
(7, 1, 0, 'city', 'city', 'city?action=list', 1, 2),
(8, 1, 0, 'company', 'company', 'company?action=list', 1, 2),
(10, 1, 0, 'country', 'country', 'country?action=list', 0, 2),
(25, 1, 0, 'state', 'state', 'state?action=list', 1, 2),
(27, 1, 0, 'supplier', 'supplier', 'supplier?action=list', 1, 2),
(31, 1, 0, 'user', 'user', 'user?action=list', 1, 2),
(36, 2, 0, 'purchase', 'purchase fabric', 'purchase?action=list', 1, 2),
(85, 1, 0, 'fabric', 'fabric', 'fabric?action=list', 1, 2),
(87, 1, 0, 'design', 'fabric code', 'design?action=list', 1, 2),
(88, 1, 0, 'color', 'color', 'color?action=list', 1, 2),
(89, 1, 0, 'width', 'width', 'width?action=list', 1, 2),
(90, 1, 0, 'hsn', 'hsn', 'hsn?action=list', 1, 2),
(91, 2, 0, 'order', 'order', 'order?action=list', 1, 2),
(92, 1, 0, 'apparel', 'apparel', 'apparel?action=list', 1, 2),
(93, 1, 0, 'category', 'category', 'category?action=list', 1, 2),
(94, 1, 0, 'style', 'style', 'style?action=list', 1, 2),
(95, 1, 0, 'measurement', 'measurement', 'measurement?action=list', 1, 2),
(96, 1, 0, 'measurement_setting', 'measurement setting', 'measurement_setting?action=list', 1, 2),
(97, 1, 0, 'customer', 'customer', 'customer?action=list', 1, 2),
(98, 1, 0, 'payment_mode', 'payment mode', 'payment_mode?action=list', 1, 2),
(99, 1, 0, 'product', 'product', 'product?action=list', 1, 2),
(100, 1, 0, 'karigar', 'karigar', 'karigar?action=list', 1, 2),
(101, 1, 0, 'proces', 'process', 'proces?action=list', 1, 2),
(102, 2, 0, 'job_work', 'job work', 'job_work?action=issue', 1, 2),
(103, 3, 0, 'receipt', 'receipt', 'receipt?action=list', 1, 2),
(104, 1, 0, 'style_setting', 'style setting', 'style_setting?action=list', 1, 2),
(105, 4, 0, 'fabric_stock', 'fabric stock', 'fabric_stock', 1, 2),
(106, 4, 0, 'qrcode_stock', 'fabric barcode stock', 'qrcode_stock', 1, 2),
(107, 4, 0, 'qrcode_history', 'barcode history', 'qrcode_history', 1, 2),
(108, 2, 0, 'estimate', 'estimate', 'estimate?action=list', 1, 2),
(109, 4, 0, 'sales_summary', 'sales summary', 'sales_summary', 1, 2),
(110, 4, 0, 'daily_collection', 'daily collection', 'daily_collection', 1, 2),
(111, 4, 0, 'delivery_schedule', 'delivery schedule', 'delivery_schedule', 1, 2),
(112, 2, 0, 'job_receive', 'job receive', 'job_receive?action=list', 1, 2),
(113, 2, 0, 'job_issue', 'job issue', 'job_issue?action=list', 1, 2),
(115, 3, 0, 'payment', 'payment', 'payment?action=list', 1, 2),
(116, 2, 0, 'purchase_return', 'purchase return', 'purchase_return?action=list', 1, 2),
(117, 4, 0, 'supplier_outstanding', 'SUPPLIER OUTSTANDING', 'supplier_outstanding', 1, 2),
(118, 4, 0, 'sales_summary_item_wise', 'SALES SUMMARY ITEM WISE', 'sales_summary_item_wise', 1, 2),
(119, 4, 0, 'purchase_summary_item_wise', 'fabric purchase ITEM WISE', 'purchase_summary_item_wise', 1, 2),
(120, 4, 0, 'purchase_summary', 'fabric purchase summary', 'purchase_summary', 1, 2),
(121, 4, 0, 'missing_mobile', 'MISSING MOBILE NO', 'missing_mobile', 1, 2),
(122, 4, 0, 'customer_outstanding', 'customer outstanding', 'customer_outstanding', 1, 2),
(123, 4, 0, 'birthday_list', 'birthday list', 'birthday_list', 1, 2),
(124, 4, 0, 'Karigarwise_report', 'Karigarwise report', 'Karigarwise_report', 0, 2),
(125, 4, 0, 'pending_order_report', 'pending order report', 'pending_order_report', 0, 2),
(126, 2, 0, 'hisab', 'hisab', 'hisab?action=list', 1, 2),
(127, 4, 0, 'order_planning', 'ORDER PLANNING', 'order_planning', 1, 2),
(128, 4, 0, 'gst_report', 'GST REPORT', 'gst_report', 1, 2),
(129, 4, 0, 'supplier_ledger', 'SUPPLIER LEDGER', 'supplier_ledger', 1, 2),
(130, 4, 0, 'customer_ledger', 'CUSTOMER LEDGER', 'customer_ledger', 1, 2),
(131, 4, 0, 'production_report', 'PRODUCTION REPORT', 'production_report', 1, 2),
(132, 1, 0, 'gender', 'gender', 'gender?action=list', 1, 2),
(133, 1, 0, 'size', 'size', 'size?action=list', 1, 2),
(134, 2, 0, 'purchase_readymade_return', 'PURCHASE other return', 'purchase_readymade_return?action=list', 1, 2),
(135, 2, 0, 'purchase_readymade', 'purchase other', 'purchase_readymade?action=list', 1, 2),
(136, 1, 0, 'readymade_category', 'other category', 'readymade_category?action=list', 1, 2),
(137, 4, 0, 'readymade_qrcode_stock', 'other barcode stock', 'readymade_qrcode_stock', 1, 2),
(138, 1, 0, 'other', 'other', 'other?action=list', 1, 2),
(139, 1, 0, 'embroidery', 'embroidery', 'embroidery?action=list', 1, 2),
(140, 1, 0, 'dying', 'dying', 'dying?action=list', 1, 2),
(141, 1, 0, 'sku', 'sku', 'sku?action=list', 1, 2),
(142, 1, 0, 'style_priority', 'style priority', 'style_priority?action=list', 1, 2),
(143, 1, 0, 'apparel_style', 'apparel style', 'apparel_style?action=list', 1, 2),
(144, 3, 0, 'payment_karigar', 'payment (karigar)', 'payment_karigar?action=list', 1, 2),
(145, 4, 0, 'karigar_ledger', 'karigar ledger', 'karigar_ledger', 1, 2),
(146, 4, 0, 'karigar_outstanding', 'karigar outstanding', 'karigar_outstanding', 1, 2),
(147, 4, 0, 'purchase_readymade_summary_item_wise', 'other purchase item wise', 'purchase_readymade_summary_item_wise', 1, 2),
(148, 4, 0, 'purchase_readymade_summary', 'other purchase summary', 'purchase_readymade_summary', 1, 2),
(149, 4, 0, 'daily_transaction', 'daily transaction', 'daily_transaction', 1, 2);

-- --------------------------------------------------------

--
-- Table structure for table `order_barcode_trans`
--

CREATE TABLE `order_barcode_trans` (
  `obt_id` int(11) NOT NULL,
  `obt_em_id` int(11) NOT NULL,
  `obt_et_id` int(11) NOT NULL,
  `obt_roll_no` varchar(50) NOT NULL,
  `obt_item_code` bigint(20) NOT NULL,
  `obt_barcode_year` varchar(20) NOT NULL,
  `obt_barcode_month` varchar(20) NOT NULL,
  `obt_counter` bigint(20) NOT NULL,
  `obt_delete_status` tinyint(4) NOT NULL DEFAULT 0,
  `obt_branch_id` int(11) NOT NULL,
  `obt_fin_year` varchar(20) NOT NULL,
  `obt_apparel_id` int(11) NOT NULL,
  `obt_apparel_id1` int(11) NOT NULL,
  `obt_description` text NOT NULL,
  `obt_om_id` int(11) NOT NULL,
  `obt_ot_id` int(11) NOT NULL,
  `obt_sku_id` int(11) NOT NULL,
  `obt_qty` int(11) NOT NULL,
  `obt_mtr` double(16,2) NOT NULL,
  `obt_rate` int(11) NOT NULL,
  `obt_stitching_rate` double NOT NULL,
  `obt_fabric_rate` double NOT NULL,
  `obt_mrp` double NOT NULL,
  `obt_amt` double(16,2) NOT NULL,
  `obt_disc_amt` double(16,2) NOT NULL,
  `obt_taxable_amt` double(16,2) NOT NULL,
  `obt_sgst_amt` double(16,2) NOT NULL,
  `obt_cgst_amt` double(16,2) NOT NULL,
  `obt_igst_amt` double(16,2) NOT NULL,
  `obt_total_amt` double(16,2) NOT NULL,
  `obt_mobile_update` tinyint(4) NOT NULL,
  `obt_status` tinyint(4) NOT NULL,
  `obt_created_by` int(11) NOT NULL,
  `obt_created_at` datetime NOT NULL,
  `obt_updated_by` int(11) NOT NULL,
  `obt_updated_at` datetime NOT NULL DEFAULT current_timestamp() ON UPDATE current_timestamp()
) ENGINE=InnoDB DEFAULT CHARSET=utf8 COLLATE=utf8_general_ci;

-- --------------------------------------------------------

--
-- Table structure for table `order_maap_trans`
--

CREATE TABLE `order_maap_trans` (
  `omt_id` int(11) NOT NULL,
  `omt_om_uuid` varchar(20) NOT NULL,
  `omt_om_id` int(11) NOT NULL,
  `omt_ot_id` int(11) NOT NULL,
  `omt_customer_id` int(11) NOT NULL,
  `omt_apparel_id` int(11) NOT NULL,
  `omt_maap_id` int(11) NOT NULL,
  `omt_maap_name` varchar(50) NOT NULL,
  `omt_maap_value` varchar(20) NOT NULL,
  `omt_delete_status` tinyint(4) NOT NULL,
  `omt_created_by` int(11) NOT NULL,
  `omt_created_at` datetime NOT NULL,
  `omt_updated_by` int(11) NOT NULL,
  `omt_updated_at` datetime NOT NULL
) ENGINE=InnoDB DEFAULT CHARSET=utf8 COLLATE=utf8_general_ci;

-- --------------------------------------------------------

--
-- Table structure for table `order_master`
--

CREATE TABLE `order_master` (
  `om_id` int(11) NOT NULL,
  `om_uuid` varchar(20) NOT NULL,
  `om_entry_no` int(11) NOT NULL,
  `om_entry_date` date NOT NULL,
  `om_em_entry_no` int(11) NOT NULL COMMENT 'estimate entry no',
  `om_em_entry_date` date NOT NULL COMMENT 'estimate entry date',
  `om_status` tinyint(4) NOT NULL COMMENT '0-estimate,1-order',
  `om_trial_date` varchar(20) NOT NULL,
  `om_delivery_date` varchar(20) NOT NULL,
  `om_gst_type` tinyint(4) NOT NULL,
  `om_bill_type` tinyint(4) NOT NULL,
  `om_billing_id` int(11) NOT NULL,
  `om_customer_id` int(11) NOT NULL,
  `om_customer_name` varchar(50) NOT NULL,
  `om_customer_mobile` varchar(20) NOT NULL,
  `om_mojdi` varchar(10) NOT NULL,
  `om_mojdi_size` varchar(10) NOT NULL,
  `om_salesman_id` int(11) NOT NULL COMMENT 'sales man as user id',
  `om_master_id` int(11) NOT NULL,
  `om_notes` text NOT NULL,
  `om_total_qty` int(11) NOT NULL,
  `om_total_mtr` double(16,2) NOT NULL,
  `om_sub_amt` double(16,2) NOT NULL,
  `om_disc_amt` double(16,2) NOT NULL,
  `om_taxable_amt` double(16,2) NOT NULL,
  `om_sgst_amt` double(16,2) NOT NULL,
  `om_cgst_amt` double(16,2) NOT NULL,
  `om_igst_amt` double(16,2) NOT NULL,
  `om_bill_disc_per` double(16,2) NOT NULL,
  `om_bill_disc_amt` double(16,2) NOT NULL,
  `om_round_off` double(16,2) NOT NULL,
  `om_total_amt` double(16,2) NOT NULL,
  `om_advance_amt` double(16,2) NOT NULL,
  `om_balance_amt` double(16,2) NOT NULL,
  `om_allocated_amt` double(16,2) NOT NULL,
  `om_delete_status` tinyint(4) NOT NULL,
  `om_fin_year` varchar(10) NOT NULL,
  `om_branch_id` int(11) NOT NULL,
  `om_created_by` int(11) NOT NULL,
  `om_created_at` datetime NOT NULL,
  `om_updated_by` int(11) NOT NULL,
  `om_updated_at` datetime NOT NULL
) ENGINE=InnoDB DEFAULT CHARSET=utf8 COLLATE=utf8_general_ci;

-- --------------------------------------------------------

--
-- Table structure for table `order_payment_mode_trans`
--

CREATE TABLE `order_payment_mode_trans` (
  `opmt_id` int(11) NOT NULL,
  `opmt_om_uuid` varchar(20) NOT NULL,
  `opmt_om_id` int(11) NOT NULL,
  `opmt_payment_mode_id` int(11) NOT NULL,
  `opmt_amt` int(11) NOT NULL,
  `opmt_delete_status` tinyint(4) NOT NULL,
  `opmt_created_by` int(11) NOT NULL,
  `opmt_created_at` datetime NOT NULL,
  `opmt_updated_by` int(11) NOT NULL,
  `opmt_updated_at` datetime NOT NULL
) ENGINE=InnoDB DEFAULT CHARSET=utf8 COLLATE=utf8_general_ci;

-- --------------------------------------------------------

--
-- Table structure for table `order_style_trans`
--

CREATE TABLE `order_style_trans` (
  `ost_id` int(11) NOT NULL,
  `ost_om_uuid` varchar(20) NOT NULL,
  `ost_om_id` int(11) NOT NULL,
  `ost_ot_id` int(11) NOT NULL,
  `ost_customer_id` int(11) NOT NULL,
  `ost_apparel_id` int(11) NOT NULL,
  `ost_style_id` int(11) NOT NULL,
  `ost_style_name` varchar(50) NOT NULL,
  `ost_style_value` varchar(20) NOT NULL,
  `ost_delete_status` tinyint(4) NOT NULL,
  `ost_created_by` int(11) NOT NULL,
  `ost_created_at` datetime NOT NULL,
  `ost_updated_by` int(11) NOT NULL,
  `ost_updated_at` datetime NOT NULL
) ENGINE=InnoDB DEFAULT CHARSET=utf8 COLLATE=utf8_general_ci;

-- --------------------------------------------------------

--
-- Table structure for table `order_trans`
--

CREATE TABLE `order_trans` (
  `ot_id` int(11) NOT NULL,
  `ot_om_uuid` varchar(20) NOT NULL,
  `ot_om_id` int(11) NOT NULL,
  `ot_em_id` int(11) NOT NULL,
  `ot_et_id` int(11) NOT NULL,
  `ot_trans_type` varchar(20) NOT NULL,
  `ot_apparel_id` int(11) NOT NULL,
  `ot_bm_id` int(11) NOT NULL,
  `ot_brmm_id` int(11) NOT NULL,
  `ot_design_id` int(11) NOT NULL,
  `ot_ot_id` int(11) NOT NULL,
  `ot_sku_id` int(11) NOT NULL,
  `ot_sdt_id` int(11) NOT NULL,
  `ot_rate` double(16,2) NOT NULL,
  `ot_mrp` double(16,2) NOT NULL,
  `ot_mtr` double(16,2) NOT NULL,
  `ot_qty` int(11) NOT NULL,
  `ot_apparel_qty` int(11) NOT NULL,
  `ot_sku_mtr` double(16,2) NOT NULL,
  `ot_apparel_mrp` double(16,2) NOT NULL,
  `ot_apparel_amt` double(16,2) NOT NULL,
  `ot_stitching_rate` double(16,2) NOT NULL,
  `ot_fabric_mtr` double(16,2) NOT NULL,
  `ot_fabric_total_mtr` double(16,2) NOT NULL,
  `ot_fabric_rate` double(16,2) NOT NULL,
  `ot_fabric_mrp` double(16,2) NOT NULL,
  `ot_fabric_amt` double(16,2) NOT NULL,
  `ot_total_mtr` double(16,2) NOT NULL,
  `ot_amt` double(16,2) NOT NULL,
  `ot_disc_per` double(16,2) NOT NULL,
  `ot_disc_amt` double(16,2) NOT NULL,
  `ot_taxable_amt` double(16,2) NOT NULL,
  `ot_sgst_per` double(16,2) NOT NULL,
  `ot_sgst_amt` double(16,2) NOT NULL,
  `ot_cgst_per` double(16,2) NOT NULL,
  `ot_cgst_amt` double(16,2) NOT NULL,
  `ot_igst_per` double(16,2) NOT NULL,
  `ot_igst_amt` double(16,2) NOT NULL,
  `ot_total_amt` double(16,2) NOT NULL,
  `ot_description` text NOT NULL,
  `ot_delete_status` tinyint(4) NOT NULL,
  `ot_created_by` int(11) NOT NULL,
  `ot_created_at` datetime NOT NULL,
  `ot_updated_by` int(11) NOT NULL,
  `ot_updated_at` datetime NOT NULL
) ENGINE=InnoDB DEFAULT CHARSET=utf8 COLLATE=utf8_general_ci;

-- --------------------------------------------------------

--
-- Table structure for table `other_master`
--

CREATE TABLE `other_master` (
  `other_id` int(11) NOT NULL,
  `other_name` varchar(50) NOT NULL,
  `other_status` tinyint(4) NOT NULL,
  `other_default` tinyint(4) NOT NULL,
  `other_created_by` int(11) NOT NULL,
  `other_created_at` datetime NOT NULL,
  `other_updated_by` int(11) NOT NULL,
  `other_updated_at` datetime NOT NULL
) ENGINE=InnoDB DEFAULT CHARSET=utf8 COLLATE=utf8_general_ci;

-- --------------------------------------------------------

--
-- Table structure for table `payment_hisab_trans`
--

CREATE TABLE `payment_hisab_trans` (
  `pht_id` int(11) NOT NULL,
  `pht_payment_uuid` varchar(20) NOT NULL,
  `pht_payment_id` int(11) NOT NULL,
  `pht_hm_id` int(11) NOT NULL,
  `pht_entry_no` varchar(10) NOT NULL,
  `pht_entry_date` varchar(10) NOT NULL,
  `pht_total_amt` double(16,2) NOT NULL,
  `pht_adjust_amt` double(16,2) NOT NULL,
  `pht_delete_status` tinyint(4) NOT NULL,
  `pht_created_by` int(11) NOT NULL,
  `pht_created_at` datetime NOT NULL,
  `pht_updated_by` int(11) NOT NULL,
  `pht_updated_at` datetime NOT NULL
) ENGINE=InnoDB DEFAULT CHARSET=utf8 COLLATE=utf8_general_ci;

-- --------------------------------------------------------

--
-- Table structure for table `payment_karigar_master`
--

CREATE TABLE `payment_karigar_master` (
  `payment_id` int(11) NOT NULL,
  `payment_uuid` varchar(20) NOT NULL,
  `payment_gst_type` tinyint(4) NOT NULL,
  `payment_entry_no` int(11) NOT NULL,
  `payment_entry_date` date NOT NULL,
  `payment_karigar_id` int(11) NOT NULL,
  `payment_notes` text NOT NULL,
  `payment_opening_amt` double(16,2) NOT NULL,
  `payment_advance_amt` double(16,2) NOT NULL,
  `payment_hisab_amt` double(16,2) NOT NULL,
  `payment_amt` double(16,2) NOT NULL,
  `payment_adjust_status` tinyint(4) NOT NULL,
  `payment_delete_status` tinyint(4) NOT NULL,
  `payment_fin_year` varchar(20) NOT NULL,
  `payment_branch_id` int(11) NOT NULL,
  `payment_created_by` int(11) NOT NULL,
  `payment_created_at` datetime NOT NULL,
  `payment_updated_by` int(11) NOT NULL,
  `payment_updated_at` datetime NOT NULL
) ENGINE=InnoDB DEFAULT CHARSET=utf8 COLLATE=utf8_general_ci;

-- --------------------------------------------------------

--
-- Table structure for table `payment_karigar_payment_mode_trans`
--

CREATE TABLE `payment_karigar_payment_mode_trans` (
  `pkpmt_id` int(11) NOT NULL,
  `pkpmt_payment_uuid` varchar(20) NOT NULL,
  `pkpmt_payment_id` int(11) NOT NULL,
  `pkpmt_payment_mode_id` int(11) NOT NULL,
  `pkpmt_amt` double(16,2) NOT NULL,
  `pkpmt_delete_status` tinyint(4) NOT NULL,
  `pkpmt_created_by` int(11) NOT NULL,
  `pkpmt_created_at` datetime NOT NULL,
  `pkpmt_updated_by` int(11) NOT NULL,
  `pkpmt_updated_at` datetime NOT NULL
) ENGINE=InnoDB DEFAULT CHARSET=utf8 COLLATE=utf8_general_ci;

-- --------------------------------------------------------

--
-- Table structure for table `payment_master`
--

CREATE TABLE `payment_master` (
  `payment_id` int(11) NOT NULL,
  `payment_uuid` varchar(20) NOT NULL,
  `payment_gst_type` tinyint(4) NOT NULL,
  `payment_entry_no` int(11) NOT NULL,
  `payment_entry_date` date NOT NULL,
  `payment_supplier_id` int(11) NOT NULL,
  `payment_notes` text NOT NULL,
  `payment_opening_amt` double(16,2) NOT NULL,
  `payment_advance_amt` double(16,2) NOT NULL,
  `payment_purchase_amt` double(16,2) NOT NULL,
  `payment_purchase_readymade_amt` double(16,2) NOT NULL,
  `payment_sales_amt` double(16,2) NOT NULL,
  `payment_sales_return_amt` double(16,2) NOT NULL,
  `payment_amt` double(16,2) NOT NULL,
  `payment_credit_note_amt` double(16,2) NOT NULL,
  `payment_adjust_status` tinyint(4) NOT NULL,
  `payment_delete_status` tinyint(4) NOT NULL,
  `payment_fin_year` varchar(20) NOT NULL,
  `payment_branch_id` int(11) NOT NULL,
  `payment_created_by` int(11) NOT NULL,
  `payment_created_at` datetime NOT NULL,
  `payment_updated_by` int(11) NOT NULL,
  `payment_updated_at` datetime NOT NULL
) ENGINE=InnoDB DEFAULT CHARSET=utf8 COLLATE=utf8_general_ci;

-- --------------------------------------------------------

--
-- Table structure for table `payment_mode_master`
--

CREATE TABLE `payment_mode_master` (
  `payment_mode_id` int(11) NOT NULL,
  `payment_mode_name` varchar(50) NOT NULL,
  `payment_mode_status` tinyint(4) NOT NULL,
  `payment_mode_default` tinyint(4) NOT NULL,
  `payment_mode_created_by` int(11) NOT NULL,
  `payment_mode_created_at` datetime NOT NULL,
  `payment_mode_updated_by` int(11) NOT NULL,
  `payment_mode_updated_at` datetime NOT NULL
) ENGINE=InnoDB DEFAULT CHARSET=utf8 COLLATE=utf8_general_ci;

-- --------------------------------------------------------

--
-- Table structure for table `payment_payment_mode_trans`
--

CREATE TABLE `payment_payment_mode_trans` (
  `ppmt_id` int(11) NOT NULL,
  `ppmt_payment_uuid` varchar(20) NOT NULL,
  `ppmt_payment_id` int(11) NOT NULL,
  `ppmt_payment_mode_id` int(11) NOT NULL,
  `ppmt_amt` double(16,2) NOT NULL,
  `ppmt_delete_status` tinyint(4) NOT NULL,
  `ppmt_created_by` int(11) NOT NULL,
  `ppmt_created_at` datetime NOT NULL,
  `ppmt_updated_by` int(11) NOT NULL,
  `ppmt_updated_at` datetime NOT NULL
) ENGINE=InnoDB DEFAULT CHARSET=utf8 COLLATE=utf8_general_ci;

-- --------------------------------------------------------

--
-- Table structure for table `payment_purchase_readymade_trans`
--

CREATE TABLE `payment_purchase_readymade_trans` (
  `pprt_id` int(11) NOT NULL,
  `pprt_payment_uuid` varchar(20) NOT NULL,
  `pprt_payment_id` int(11) NOT NULL,
  `pprt_prmm_id` int(11) NOT NULL,
  `pprt_entry_no` varchar(10) NOT NULL,
  `pprt_entry_date` varchar(10) NOT NULL,
  `pprt_total_amt` double(16,2) NOT NULL,
  `pprt_adjust_amt` double(16,2) NOT NULL,
  `pprt_delete_status` tinyint(4) NOT NULL,
  `pprt_created_by` int(11) NOT NULL,
  `pprt_created_at` datetime NOT NULL,
  `pprt_updated_by` int(11) NOT NULL,
  `pprt_updated_at` datetime NOT NULL
) ENGINE=InnoDB DEFAULT CHARSET=utf8 COLLATE=utf8_general_ci;

-- --------------------------------------------------------

--
-- Table structure for table `payment_purchase_trans`
--

CREATE TABLE `payment_purchase_trans` (
  `ppt_id` int(11) NOT NULL,
  `ppt_payment_uuid` varchar(20) NOT NULL,
  `ppt_payment_id` int(11) NOT NULL,
  `ppt_om_id` int(11) NOT NULL,
  `ppt_pm_id` int(11) NOT NULL,
  `ppt_pt_id` int(11) NOT NULL,
  `ppt_entry_no` varchar(10) NOT NULL,
  `ppt_entry_date` varchar(10) NOT NULL,
  `ppt_total_amt` double(16,2) NOT NULL,
  `ppt_adjust_amt` double(16,2) NOT NULL,
  `ppt_delete_status` tinyint(4) NOT NULL,
  `ppt_created_by` int(11) NOT NULL,
  `ppt_created_at` datetime NOT NULL,
  `ppt_updated_by` int(11) NOT NULL,
  `ppt_updated_at` datetime NOT NULL
) ENGINE=InnoDB DEFAULT CHARSET=utf8 COLLATE=utf8_general_ci;

-- --------------------------------------------------------

--
-- Table structure for table `proces_master`
--

CREATE TABLE `proces_master` (
  `proces_id` int(11) NOT NULL,
  `proces_name` varchar(50) NOT NULL,
  `proces_status` tinyint(4) NOT NULL,
  `proces_default` tinyint(4) NOT NULL,
  `proces_created_by` int(11) NOT NULL,
  `proces_created_at` datetime NOT NULL,
  `proces_updated_by` int(11) NOT NULL,
  `proces_updated_at` datetime NOT NULL
) ENGINE=InnoDB DEFAULT CHARSET=utf8 COLLATE=utf8_general_ci;

--
-- Dumping data for table `proces_master`
--

INSERT INTO `proces_master` (`proces_id`, `proces_name`, `proces_status`, `proces_default`, `proces_created_by`, `proces_created_at`, `proces_updated_by`, `proces_updated_at`) VALUES
(1, 'TRAIL', 1, 0, 2, '2025-05-09 18:58:16', 2, '0000-00-00 00:00:00'),
(2, 'HALF FINISH', 1, 0, 2, '2025-05-09 18:58:34', 2, '0000-00-00 00:00:00'),
(3, 'FINISH', 1, 0, 2, '2025-05-09 18:58:45', 2, '0000-00-00 00:00:00'),
(4, 'ALTER', 1, 0, 2, '2025-05-09 18:58:53', 2, '0000-00-00 00:00:00'),
(5, 'RECUT', 1, 0, 2, '2025-05-09 18:59:04', 2, '0000-00-00 00:00:00');

-- --------------------------------------------------------

--
-- Table structure for table `product_master`
--

CREATE TABLE `product_master` (
  `product_id` int(11) NOT NULL,
  `product_name` varchar(50) NOT NULL,
  `product_specification` text DEFAULT NULL,
  `product_category_id` int(11) NOT NULL,
  `product_type_id` int(11) NOT NULL,
  `product_unit` int(11) DEFAULT NULL,
  `product_pan_no` int(11) NOT NULL,
  `product_hsn_code` varchar(20) DEFAULT NULL,
  `product_image` text DEFAULT NULL,
  `product_input_tax` int(11) DEFAULT NULL,
  `product_output_tax` int(11) DEFAULT NULL,
  `product_group_id` int(11) DEFAULT NULL,
  `product_max_sale_allowed` int(11) DEFAULT NULL,
  `product_status` tinyint(4) NOT NULL,
  `product_default` tinyint(4) NOT NULL,
  `product_created_by` int(11) NOT NULL,
  `product_created_at` datetime NOT NULL,
  `product_updated_by` int(11) NOT NULL,
  `product_updated_at` datetime NOT NULL,
  `product_deleted_by` int(11) NOT NULL,
  `product_deleted_at` datetime DEFAULT NULL
) ENGINE=InnoDB DEFAULT CHARSET=utf8 COLLATE=utf8_general_ci;

--
-- Dumping data for table `product_master`
--

INSERT INTO `product_master` (`product_id`, `product_name`, `product_specification`, `product_category_id`, `product_type_id`, `product_unit`, `product_pan_no`, `product_hsn_code`, `product_image`, `product_input_tax`, `product_output_tax`, `product_group_id`, `product_max_sale_allowed`, `product_status`, `product_default`, `product_created_by`, `product_created_at`, `product_updated_by`, `product_updated_at`, `product_deleted_by`, `product_deleted_at`) VALUES
(1, 'SUIT ', 'CANVAS', 2, 0, NULL, 0, NULL, NULL, NULL, NULL, NULL, NULL, 1, 0, 2, '2025-05-09 20:12:47', 2, '0000-00-00 00:00:00', 0, NULL),
(2, 'COAT', 'REGULAR', 2, 0, NULL, 0, NULL, NULL, NULL, NULL, NULL, NULL, 1, 0, 2, '2025-05-09 20:13:16', 2, '0000-00-00 00:00:00', 0, NULL),
(3, 'SHIRT', 'REGULAR', 2, 0, NULL, 0, NULL, NULL, NULL, NULL, NULL, NULL, 1, 0, 2, '2025-05-09 20:13:20', 2, '0000-00-00 00:00:00', 0, NULL),
(4, 'TROUSER', 'REGULAR', 2, 0, NULL, 0, NULL, NULL, NULL, NULL, NULL, NULL, 1, 0, 2, '2025-05-09 20:13:29', 2, '0000-00-00 00:00:00', 0, NULL),
(5, 'PANTCUT', 'REGULAR', 2, 0, NULL, 0, NULL, NULL, NULL, NULL, NULL, NULL, 1, 0, 2, '2025-05-09 20:13:34', 2, '0000-00-00 00:00:00', 0, NULL),
(6, 'PYJAMA', 'REGULAR', 2, 0, NULL, 0, NULL, NULL, NULL, NULL, NULL, NULL, 1, 0, 2, '2025-05-09 20:13:40', 2, '0000-00-00 00:00:00', 0, NULL),
(7, 'KURTA', 'REGULAR', 2, 0, NULL, 0, NULL, NULL, NULL, NULL, NULL, NULL, 1, 0, 2, '2025-05-09 20:13:43', 2, '0000-00-00 00:00:00', 0, NULL),
(8, 'SHERWANI PYJAMA', 'REGULAR', 2, 0, NULL, 0, NULL, NULL, NULL, NULL, NULL, NULL, 1, 0, 2, '2025-05-09 20:14:11', 2, '0000-00-00 00:00:00', 0, NULL),
(9, 'SHERWANI KURTA PYJAMA', 'REGULAR', 2, 0, NULL, 0, NULL, NULL, NULL, NULL, NULL, NULL, 1, 0, 2, '2025-05-09 20:14:31', 2, '0000-00-00 00:00:00', 0, NULL),
(10, 'INDOWESTERN SUIT', 'REGULAR', 2, 0, NULL, 0, NULL, NULL, NULL, NULL, NULL, NULL, 1, 0, 2, '2025-05-09 20:14:41', 2, '0000-00-00 00:00:00', 0, NULL),
(11, 'JAWAHAR JACKET', 'REGULAR', 2, 0, NULL, 0, NULL, NULL, NULL, NULL, NULL, NULL, 1, 0, 2, '2025-05-09 20:14:53', 2, '0000-00-00 00:00:00', 0, NULL),
(12, 'WAIST COAT', 'REGULAR', 2, 0, NULL, 0, NULL, NULL, NULL, NULL, NULL, NULL, 1, 0, 2, '2025-05-09 20:15:04', 2, '0000-00-00 00:00:00', 0, NULL),
(13, 'SAFARI SUIT', 'REGULAR', 2, 0, NULL, 0, NULL, NULL, NULL, NULL, NULL, NULL, 1, 0, 2, '2025-05-09 20:15:11', 2, '0000-00-00 00:00:00', 0, NULL),
(14, 'COAT CUT SHIRT', 'REGULAR', 2, 0, NULL, 0, NULL, NULL, NULL, NULL, NULL, NULL, 1, 0, 2, '2025-05-09 20:15:19', 2, '0000-00-00 00:00:00', 0, NULL),
(15, 'TIE SET', 'DESIGNER', 6, 0, NULL, 0, NULL, NULL, NULL, NULL, NULL, NULL, 1, 0, 2, '2025-05-09 20:15:50', 2, '0000-00-00 00:00:00', 0, NULL),
(16, 'CUFFLINK', 'DESIGNER', 6, 0, NULL, 0, NULL, NULL, NULL, NULL, NULL, NULL, 1, 0, 2, '2025-05-09 20:16:00', 2, '0000-00-00 00:00:00', 0, NULL),
(17, 'HANKEY', 'DESIGNER', 6, 0, NULL, 0, NULL, NULL, NULL, NULL, NULL, NULL, 1, 0, 2, '2025-05-09 20:16:04', 2, '0000-00-00 00:00:00', 0, NULL),
(18, 'BOW', 'DESIGNER', 6, 0, NULL, 0, NULL, NULL, NULL, NULL, NULL, NULL, 1, 0, 2, '2025-05-09 20:16:08', 2, '0000-00-00 00:00:00', 0, NULL),
(19, 'SCARF', 'DESIGNER', 6, 0, NULL, 0, NULL, NULL, NULL, NULL, NULL, NULL, 1, 0, 2, '2025-05-09 20:16:17', 2, '0000-00-00 00:00:00', 0, NULL),
(20, 'TIE', 'DESIGNER', 6, 0, NULL, 0, NULL, NULL, NULL, NULL, NULL, NULL, 1, 0, 2, '2025-05-09 20:16:20', 2, '0000-00-00 00:00:00', 0, NULL),
(21, 'BUTTONS', 'DESIGNER', 6, 0, NULL, 0, NULL, NULL, NULL, NULL, NULL, NULL, 1, 0, 2, '2025-05-09 20:16:27', 2, '0000-00-00 00:00:00', 0, NULL),
(22, 'SHAS', 'DESIGNER', 6, 0, NULL, 0, NULL, NULL, NULL, NULL, NULL, NULL, 1, 0, 2, '2025-05-09 20:16:34', 2, '0000-00-00 00:00:00', 0, NULL),
(23, 'SHOE', 'DESIGNER', 6, 0, NULL, 0, NULL, NULL, NULL, NULL, NULL, NULL, 1, 0, 2, '2025-05-09 20:16:46', 2, '0000-00-00 00:00:00', 0, NULL),
(24, 'JUTI', 'DESIGNER', 6, 0, NULL, 0, NULL, NULL, NULL, NULL, NULL, NULL, 1, 0, 2, '2025-05-09 20:16:52', 2, '0000-00-00 00:00:00', 0, NULL),
(25, 'SUIT 3 PCS', NULL, 0, 0, NULL, 0, NULL, NULL, NULL, NULL, NULL, NULL, 1, 0, 2, '2025-05-19 20:15:52', 2, '0000-00-00 00:00:00', 0, NULL),
(26, 'SHERWANI TOP', NULL, 0, 0, NULL, 0, NULL, NULL, NULL, NULL, NULL, NULL, 1, 0, 2, '2025-05-19 20:15:59', 2, '0000-00-00 00:00:00', 0, NULL),
(27, 'FUSING', '', 0, 0, NULL, 0, NULL, NULL, NULL, NULL, NULL, NULL, 1, 0, 2, '2025-05-23 16:51:03', 2, '0000-00-00 00:00:00', 0, NULL),
(28, 'PESTING', '', 0, 0, NULL, 0, NULL, NULL, NULL, NULL, NULL, NULL, 1, 0, 2, '2025-05-23 16:51:16', 2, '0000-00-00 00:00:00', 0, NULL),
(29, 'MALA', NULL, 0, 0, NULL, 0, NULL, NULL, NULL, NULL, NULL, NULL, 1, 0, 2, '2025-05-29 14:50:02', 2, '0000-00-00 00:00:00', 0, NULL),
(30, 'THREAD', NULL, 0, 0, NULL, 0, NULL, NULL, NULL, NULL, NULL, NULL, 1, 0, 2, '2025-05-29 15:17:22', 2, '0000-00-00 00:00:00', 0, NULL),
(31, 'LINING', NULL, 0, 0, NULL, 0, NULL, NULL, NULL, NULL, NULL, NULL, 1, 0, 2, '2025-05-29 15:18:41', 2, '0000-00-00 00:00:00', 0, NULL),
(32, 'K/P+JACKET', NULL, 0, 0, NULL, 0, NULL, NULL, NULL, NULL, NULL, NULL, 1, 0, 2, '2025-05-29 16:44:31', 2, '0000-00-00 00:00:00', 0, NULL),
(33, 'KURTA PANTCUT', NULL, 0, 0, NULL, 0, NULL, NULL, NULL, NULL, NULL, NULL, 1, 0, 2, '2025-05-29 16:51:17', 2, '0000-00-00 00:00:00', 0, NULL);

-- --------------------------------------------------------

--
-- Table structure for table `purchase_master`
--

CREATE TABLE `purchase_master` (
  `pm_id` int(11) NOT NULL,
  `pm_uuid` varchar(50) NOT NULL,
  `pm_entry_no` int(11) NOT NULL,
  `pm_entry_date` date NOT NULL,
  `pm_bill_no` varchar(50) NOT NULL,
  `pm_bill_date` date NOT NULL,
  `pm_supplier_id` int(11) NOT NULL,
  `pm_gst_type` tinyint(4) NOT NULL,
  `pm_total_qty` int(11) NOT NULL,
  `pm_total_mtr` double(16,2) NOT NULL,
  `pm_sub_amt` double(16,2) NOT NULL,
  `pm_disc_amt` double(16,2) NOT NULL,
  `pm_taxable_amt` double(16,2) NOT NULL,
  `pm_extra_amt` double(16,2) NOT NULL,
  `pm_sgst_amt` double(16,2) NOT NULL,
  `pm_cgst_amt` double(16,2) NOT NULL,
  `pm_igst_amt` double(16,2) NOT NULL,
  `pm_round_off` double(16,2) NOT NULL,
  `pm_freight_amt` double(16,2) NOT NULL,
  `pm_bill_disc_per` double(16,2) NOT NULL,
  `pm_bill_disc_amt` double(16,2) NOT NULL,
  `pm_total_amt` double(16,2) NOT NULL,
  `pm_allocated_amt` double(16,2) NOT NULL,
  `pm_allocated_round_off` float(16,2) NOT NULL,
  `pm_return_amt` decimal(16,2) NOT NULL,
  `pm_notes` text NOT NULL,
  `pm_delete_status` tinyint(4) NOT NULL,
  `pm_fin_year` varchar(10) NOT NULL,
  `pm_branch_id` int(11) NOT NULL,
  `pm_created_by` int(11) NOT NULL,
  `pm_created_at` datetime NOT NULL,
  `pm_updated_by` int(11) NOT NULL,
  `pm_updated_at` datetime NOT NULL DEFAULT current_timestamp() ON UPDATE current_timestamp()
) ENGINE=InnoDB DEFAULT CHARSET=utf8 COLLATE=utf8_general_ci;

-- --------------------------------------------------------

--
-- Table structure for table `purchase_readymade_master`
--

CREATE TABLE `purchase_readymade_master` (
  `prmm_id` int(11) NOT NULL,
  `prmm_uuid` varchar(50) NOT NULL,
  `prmm_entry_no` int(11) NOT NULL,
  `prmm_entry_date` date NOT NULL,
  `prmm_bill_no` varchar(50) NOT NULL,
  `prmm_bill_date` date NOT NULL,
  `prmm_supplier_id` int(11) NOT NULL,
  `prmm_gst_type` tinyint(4) NOT NULL,
  `prmm_total_qty` int(11) NOT NULL,
  `prmm_sub_amt` double(16,2) NOT NULL,
  `prmm_disc_amt` double(16,2) NOT NULL,
  `prmm_taxable_amt` double(16,2) NOT NULL,
  `prmm_extra_amt` double(16,2) NOT NULL,
  `prmm_sgst_amt` double(16,2) NOT NULL,
  `prmm_cgst_amt` double(16,2) NOT NULL,
  `prmm_igst_amt` double(16,2) NOT NULL,
  `prmm_round_off` double(16,2) NOT NULL,
  `prmm_bill_disc_per` double(16,2) NOT NULL,
  `prmm_bill_disc_amt` double(16,2) NOT NULL,
  `prmm_total_amt` double(16,2) NOT NULL,
  `prmm_allocated_amt` double(16,2) NOT NULL,
  `prmm_allocated_round_off` float(16,2) NOT NULL,
  `prmm_return_amt` decimal(16,2) NOT NULL,
  `prmm_notes` text NOT NULL,
  `prmm_delete_status` tinyint(4) NOT NULL,
  `prmm_fin_year` varchar(10) NOT NULL,
  `prmm_branch_id` int(11) NOT NULL,
  `prmm_created_by` int(11) NOT NULL,
  `prmm_created_at` datetime NOT NULL,
  `prmm_updated_by` int(11) NOT NULL,
  `prmm_updated_at` datetime NOT NULL DEFAULT current_timestamp() ON UPDATE current_timestamp()
) ENGINE=InnoDB DEFAULT CHARSET=utf8 COLLATE=utf8_general_ci;

-- --------------------------------------------------------

--
-- Table structure for table `purchase_readymade_return_master`
--

CREATE TABLE `purchase_readymade_return_master` (
  `prrm_id` int(11) NOT NULL,
  `prrm_uuid` varchar(20) NOT NULL,
  `prrm_entry_no` int(11) NOT NULL,
  `prrm_entry_date` date NOT NULL,
  `prrm_company` int(11) NOT NULL,
  `prrm_supplier_id` int(11) NOT NULL,
  `prrm_notes` text NOT NULL,
  `prrm_total_qty` int(11) NOT NULL,
  `prrm_total_mtr` double(16,2) NOT NULL,
  `prrm_sub_amt` double(16,2) NOT NULL,
  `prrm_disc_amt` double(16,2) NOT NULL,
  `prrm_taxable_amt` double(16,2) NOT NULL,
  `prrm_sgst_amt` double(16,2) NOT NULL,
  `prrm_cgst_amt` double(16,2) NOT NULL,
  `prrm_igst_amt` double(16,2) NOT NULL,
  `prrm_bill_disc_per` double(16,2) NOT NULL,
  `prrm_bill_disc_amt` double(16,2) NOT NULL,
  `prrm_round_off` double(16,2) NOT NULL,
  `prrm_total_amt` double(16,2) NOT NULL,
  `prrm_supplier_amt` double(16,2) NOT NULL,
  `prrm_delete_status` tinyint(4) NOT NULL,
  `prrm_fin_year` varchar(10) NOT NULL,
  `prrm_branch_id` int(11) NOT NULL,
  `prrm_created_by` int(11) NOT NULL,
  `prrm_created_at` datetime NOT NULL,
  `prrm_updated_by` int(11) NOT NULL,
  `prrm_updated_at` datetime NOT NULL
) ENGINE=InnoDB DEFAULT CHARSET=utf8 COLLATE=utf8_general_ci;

-- --------------------------------------------------------

--
-- Table structure for table `purchase_readymade_return_trans`
--

CREATE TABLE `purchase_readymade_return_trans` (
  `prrt_id` int(11) NOT NULL,
  `prrt_prrm_id` int(11) NOT NULL,
  `prrt_prrm_uuid` varchar(20) NOT NULL,
  `prrt_prmm_id` int(11) NOT NULL,
  `prrt_prmt_id` int(11) NOT NULL,
  `prrt_brmm_id` int(11) NOT NULL,
  `prrt_qty` int(11) NOT NULL,
  `prrt_rate` double(16,2) NOT NULL,
  `prrt_mtr` double(16,2) NOT NULL,
  `prrt_total_mtr` double(16,2) NOT NULL,
  `prrt_amt` double(16,2) NOT NULL,
  `prrt_disc_per` double(16,2) NOT NULL,
  `prrt_disc_amt` double(16,2) NOT NULL,
  `prrt_taxable_amt` double(16,2) NOT NULL,
  `prrt_sgst_per` double(16,2) NOT NULL,
  `prrt_sgst_amt` double(16,2) NOT NULL,
  `prrt_cgst_per` double(16,2) NOT NULL,
  `prrt_cgst_amt` double(16,2) NOT NULL,
  `prrt_igst_per` double(16,2) NOT NULL,
  `prrt_igst_amt` double(16,2) NOT NULL,
  `prrt_total_amt` double(16,2) NOT NULL,
  `prrt_delete_status` tinyint(4) NOT NULL,
  `prrt_created_by` int(11) NOT NULL,
  `prrt_created_at` datetime NOT NULL,
  `prrt_updated_by` int(11) NOT NULL,
  `prrt_updated_at` datetime NOT NULL
) ENGINE=InnoDB DEFAULT CHARSET=utf8 COLLATE=utf8_general_ci;

-- --------------------------------------------------------

--
-- Table structure for table `purchase_readymade_trans`
--

CREATE TABLE `purchase_readymade_trans` (
  `prmt_id` int(11) NOT NULL,
  `prmt_prmm_uuid` varchar(50) NOT NULL,
  `prmt_prmm_id` int(11) NOT NULL,
  `prmt_product_id` int(11) NOT NULL,
  `prmt_design_id` int(11) NOT NULL,
  `prmt_readymade_category_id` int(11) NOT NULL,
  `prmt_color_id` int(11) NOT NULL,
  `prmt_size_id` int(11) NOT NULL,
  `prmt_gender_id` int(11) NOT NULL,
  `prmt_cost_char` varchar(10) NOT NULL,
  `prmt_mrp` int(11) NOT NULL,
  `prmt_qty` int(11) NOT NULL,
  `prmt_rate` int(11) NOT NULL,
  `prmt_amt` double(16,2) NOT NULL,
  `prmt_disc_per` double(16,2) NOT NULL,
  `prmt_disc_amt` double(16,2) NOT NULL,
  `prmt_taxable_amt` double(16,2) NOT NULL,
  `prmt_extra_amt` double(16,2) NOT NULL,
  `prmt_actual_taxable_amt` double(16,2) NOT NULL,
  `prmt_sgst_per` double(16,2) NOT NULL,
  `prmt_sgst_amt` double(16,2) NOT NULL,
  `prmt_cgst_per` double(16,2) NOT NULL,
  `prmt_cgst_amt` double(16,2) NOT NULL,
  `prmt_igst_per` double(16,2) NOT NULL,
  `prmt_igst_amt` double(16,2) NOT NULL,
  `prmt_total_amt` double(16,2) NOT NULL,
  `prmt_description` text NOT NULL,
  `prmt_delete_status` int(11) NOT NULL,
  `prmt_created_by` int(11) NOT NULL,
  `prmt_created_at` datetime NOT NULL,
  `prmt_updated_by` int(11) NOT NULL,
  `prmt_updated_at` datetime NOT NULL DEFAULT current_timestamp() ON UPDATE current_timestamp()
) ENGINE=InnoDB DEFAULT CHARSET=utf8 COLLATE=utf8_general_ci;

-- --------------------------------------------------------

--
-- Table structure for table `purchase_return_master`
--

CREATE TABLE `purchase_return_master` (
  `prm_id` int(11) NOT NULL,
  `prm_uuid` varchar(20) NOT NULL,
  `prm_entry_no` int(11) NOT NULL,
  `prm_entry_date` date NOT NULL,
  `prm_supplier_id` int(11) NOT NULL,
  `prm_notes` text NOT NULL,
  `prm_total_qty` int(11) NOT NULL,
  `prm_total_mtr` double(16,2) NOT NULL,
  `prm_sub_amt` double(16,2) NOT NULL,
  `prm_disc_amt` double(16,2) NOT NULL,
  `prm_taxable_amt` double(16,2) NOT NULL,
  `prm_sgst_amt` double(16,2) NOT NULL,
  `prm_cgst_amt` double(16,2) NOT NULL,
  `prm_igst_amt` double(16,2) NOT NULL,
  `prm_bill_disc_per` double(16,2) NOT NULL,
  `prm_bill_disc_amt` double(16,2) NOT NULL,
  `prm_round_off` double(16,2) NOT NULL,
  `prm_total_amt` double(16,2) NOT NULL,
  `prm_delete_status` tinyint(4) NOT NULL,
  `prm_fin_year` varchar(10) NOT NULL,
  `prm_branch_id` int(11) NOT NULL,
  `prm_created_by` int(11) NOT NULL,
  `prm_created_at` datetime NOT NULL,
  `prm_updated_by` int(11) NOT NULL,
  `prm_updated_at` datetime NOT NULL
) ENGINE=InnoDB DEFAULT CHARSET=utf8 COLLATE=utf8_general_ci;

-- --------------------------------------------------------

--
-- Table structure for table `purchase_return_trans`
--

CREATE TABLE `purchase_return_trans` (
  `prt_id` int(11) NOT NULL,
  `prt_prm_id` int(11) NOT NULL,
  `prt_prm_uuid` varchar(20) NOT NULL,
  `prt_pm_id` int(11) NOT NULL,
  `prt_pt_id` int(11) NOT NULL,
  `prt_bm_id` int(11) NOT NULL,
  `prt_qty` int(11) NOT NULL,
  `prt_rate` double(16,2) NOT NULL,
  `prt_mtr` double(16,2) NOT NULL,
  `prt_total_mtr` double(16,2) NOT NULL,
  `prt_amt` double(16,2) NOT NULL,
  `prt_disc_per` double(16,2) NOT NULL,
  `prt_disc_amt` double(16,2) NOT NULL,
  `prt_taxable_amt` double(16,2) NOT NULL,
  `prt_sgst_per` double(16,2) NOT NULL,
  `prt_sgst_amt` double(16,2) NOT NULL,
  `prt_cgst_per` double(16,2) NOT NULL,
  `prt_cgst_amt` double(16,2) NOT NULL,
  `prt_igst_per` double(16,2) NOT NULL,
  `prt_igst_amt` double(16,2) NOT NULL,
  `prt_total_amt` double(16,2) NOT NULL,
  `prt_delete_status` tinyint(4) NOT NULL,
  `prt_created_by` int(11) NOT NULL,
  `prt_created_at` datetime NOT NULL,
  `prt_updated_by` int(11) NOT NULL,
  `prt_updated_at` datetime NOT NULL
) ENGINE=InnoDB DEFAULT CHARSET=utf8 COLLATE=utf8_general_ci;

-- --------------------------------------------------------

--
-- Table structure for table `purchase_trans`
--

CREATE TABLE `purchase_trans` (
  `pt_id` int(11) NOT NULL,
  `pt_pm_uuid` varchar(50) NOT NULL,
  `pt_pm_id` int(11) NOT NULL,
  `pt_fabric_id` int(11) NOT NULL,
  `pt_design_id` int(11) NOT NULL,
  `pt_category_id` int(11) NOT NULL,
  `pt_color_id` int(11) NOT NULL,
  `pt_hsn_id` int(11) NOT NULL,
  `pt_width_id` int(11) NOT NULL,
  `pt_cost_char` varchar(10) NOT NULL,
  `pt_mrp` int(11) NOT NULL,
  `pt_qty` int(11) NOT NULL,
  `pt_mtr` double(16,2) NOT NULL,
  `pt_total_mtr` double(16,2) NOT NULL,
  `pt_rate` int(11) NOT NULL,
  `pt_amt` double(16,2) NOT NULL,
  `pt_disc_per` double(16,2) NOT NULL,
  `pt_disc_amt` double(16,2) NOT NULL,
  `pt_taxable_amt` double(16,2) NOT NULL,
  `pt_extra_amt` double(16,2) NOT NULL,
  `pt_actual_taxable_amt` double(16,2) NOT NULL,
  `pt_sgst_per` double(16,2) NOT NULL,
  `pt_sgst_amt` double(16,2) NOT NULL,
  `pt_cgst_per` double(16,2) NOT NULL,
  `pt_cgst_amt` double(16,2) NOT NULL,
  `pt_igst_per` double(16,2) NOT NULL,
  `pt_igst_amt` double(16,2) NOT NULL,
  `pt_shirt_mrp` double(16,2) NOT NULL,
  `pt_trouser_mrp` double(16,2) NOT NULL,
  `pt_2pc_suit_mrp` double(16,2) NOT NULL,
  `pt_3pc_suit_mrp` double(16,2) NOT NULL,
  `pt_jacket_mrp` double(16,2) NOT NULL,
  `pt_total_amt` double(16,2) NOT NULL,
  `pt_description` text NOT NULL,
  `pt_delete_status` int(11) NOT NULL,
  `pt_created_by` int(11) NOT NULL,
  `pt_created_at` datetime NOT NULL,
  `pt_updated_by` int(11) NOT NULL,
  `pt_updated_at` datetime NOT NULL DEFAULT current_timestamp() ON UPDATE current_timestamp()
) ENGINE=InnoDB DEFAULT CHARSET=utf8 COLLATE=utf8_general_ci;

-- --------------------------------------------------------

--
-- Table structure for table `readymade_category_master`
--

CREATE TABLE `readymade_category_master` (
  `readymade_category_id` int(11) NOT NULL,
  `readymade_category_name` varchar(50) NOT NULL,
  `readymade_category_status` tinyint(4) NOT NULL,
  `readymade_category_default` tinyint(4) NOT NULL,
  `readymade_category_created_by` int(11) NOT NULL,
  `readymade_category_created_at` datetime NOT NULL,
  `readymade_category_updated_by` int(11) NOT NULL,
  `readymade_category_updated_at` datetime NOT NULL
) ENGINE=InnoDB DEFAULT CHARSET=utf8 COLLATE=utf8_general_ci;

-- --------------------------------------------------------

--
-- Table structure for table `receipt_master`
--

CREATE TABLE `receipt_master` (
  `receipt_id` int(11) NOT NULL,
  `receipt_uuid` varchar(20) NOT NULL,
  `receipt_gst_type` tinyint(4) NOT NULL,
  `receipt_entry_no` int(11) NOT NULL,
  `receipt_entry_date` date NOT NULL,
  `receipt_customer_id` int(11) NOT NULL,
  `receipt_notes` text NOT NULL,
  `receipt_opening_amt` double(16,2) NOT NULL,
  `receipt_advance_amt` double(16,2) NOT NULL,
  `receipt_order_amt` double(16,2) NOT NULL,
  `receipt_sales_amt` double(16,2) NOT NULL,
  `receipt_sales_return_amt` double(16,2) NOT NULL,
  `receipt_amt` double(16,2) NOT NULL,
  `receipt_credit_note_amt` double(16,2) NOT NULL,
  `receipt_adjust_status` tinyint(4) NOT NULL,
  `receipt_delete_status` tinyint(4) NOT NULL,
  `receipt_fin_year` varchar(20) NOT NULL,
  `receipt_branch_id` int(11) NOT NULL,
  `receipt_created_by` int(11) NOT NULL,
  `receipt_created_at` datetime NOT NULL,
  `receipt_updated_by` int(11) NOT NULL,
  `receipt_updated_at` datetime NOT NULL
) ENGINE=InnoDB DEFAULT CHARSET=utf8 COLLATE=utf8_general_ci;

-- --------------------------------------------------------

--
-- Table structure for table `receipt_order_trans`
--

CREATE TABLE `receipt_order_trans` (
  `rot_id` int(11) NOT NULL,
  `rot_receipt_uuid` varchar(20) NOT NULL,
  `rot_receipt_id` int(11) NOT NULL,
  `rot_om_id` int(11) NOT NULL,
  `rot_entry_no` varchar(10) NOT NULL,
  `rot_type` varchar(20) NOT NULL,
  `rot_entry_date` varchar(10) NOT NULL,
  `rot_total_amt` double(16,2) NOT NULL,
  `rot_adjust_amt` double(16,2) NOT NULL,
  `rot_delete_status` tinyint(4) NOT NULL,
  `rot_created_by` int(11) NOT NULL,
  `rot_created_at` datetime NOT NULL,
  `rot_updated_by` int(11) NOT NULL,
  `rot_updated_at` datetime NOT NULL
) ENGINE=InnoDB DEFAULT CHARSET=utf8 COLLATE=utf8_general_ci;

-- --------------------------------------------------------

--
-- Table structure for table `receipt_payment_mode_trans`
--

CREATE TABLE `receipt_payment_mode_trans` (
  `rpmt_id` int(11) NOT NULL,
  `rpmt_receipt_uuid` varchar(20) NOT NULL,
  `rpmt_receipt_id` int(11) NOT NULL,
  `rpmt_payment_mode_id` int(11) NOT NULL,
  `rpmt_amt` double(16,2) NOT NULL,
  `rpmt_delete_status` tinyint(4) NOT NULL,
  `rpmt_created_by` int(11) NOT NULL,
  `rpmt_created_at` datetime NOT NULL,
  `rpmt_updated_by` int(11) NOT NULL,
  `rpmt_updated_at` datetime NOT NULL
) ENGINE=InnoDB DEFAULT CHARSET=utf8 COLLATE=utf8_general_ci;

-- --------------------------------------------------------

--
-- Table structure for table `role_master`
--

CREATE TABLE `role_master` (
  `role_id` int(11) NOT NULL,
  `role_name` varchar(20) NOT NULL,
  `role_type` tinyint(4) NOT NULL DEFAULT 2,
  `role_status` tinyint(4) NOT NULL DEFAULT 1,
  `role_default` tinyint(4) NOT NULL,
  `role_created_by` int(11) NOT NULL,
  `role_created_at` datetime NOT NULL,
  `role_updated_by` int(11) NOT NULL,
  `role_updated_at` datetime NOT NULL DEFAULT current_timestamp() ON UPDATE current_timestamp()
) ENGINE=InnoDB DEFAULT CHARSET=utf8 COLLATE=utf8_general_ci;

--
-- Dumping data for table `role_master`
--

INSERT INTO `role_master` (`role_id`, `role_name`, `role_type`, `role_status`, `role_default`, `role_created_by`, `role_created_at`, `role_updated_by`, `role_updated_at`) VALUES
(1, 'admin', 1, 1, 1, 1, '2024-07-01 18:35:02', 1, '2025-05-28 06:26:37'),
(2, 'DATA ENTRY', 2, 1, 0, 1, '2024-10-23 18:11:16', 1, '2024-10-23 08:41:16'),
(3, 'junior designer', 2, 1, 0, 1, '2024-10-23 19:18:02', 1, '2024-10-23 09:48:02'),
(4, 'senior designer', 2, 1, 0, 1, '2024-10-23 19:18:17', 1, '2024-10-23 09:48:17'),
(5, 'accountant', 2, 1, 0, 1, '2024-10-31 18:17:14', 1, '2024-10-31 08:47:14'),
(6, 'salesman', 2, 1, 1, 1, '2024-11-23 09:51:56', 1, '2025-05-14 08:53:09'),
(7, 'SUPERVISOR', 2, 1, 0, 2, '2025-05-09 19:38:58', 2, '2025-05-09 10:08:58'),
(8, 'MANAGER', 2, 1, 0, 2, '2025-05-09 19:39:07', 2, '2025-05-09 10:09:07'),
(9, 'MASTER', 2, 1, 1, 2, '2025-05-09 19:39:16', 2, '2025-05-28 06:26:46'),
(10, 'SALES HALPER', 2, 1, 0, 2, '2025-05-09 19:39:40', 2, '2025-05-09 10:09:40');

-- --------------------------------------------------------

--
-- Table structure for table `size_master`
--

CREATE TABLE `size_master` (
  `size_id` int(11) NOT NULL,
  `size_name` varchar(50) NOT NULL,
  `size_gender_id` int(11) NOT NULL,
  `size_status` tinyint(4) NOT NULL,
  `size_default` tinyint(4) NOT NULL,
  `size_created_by` int(11) NOT NULL,
  `size_created_at` datetime NOT NULL,
  `size_updated_by` int(11) NOT NULL,
  `size_updated_at` datetime NOT NULL
) ENGINE=InnoDB DEFAULT CHARSET=utf8 COLLATE=utf8_general_ci;

--
-- Dumping data for table `size_master`
--

INSERT INTO `size_master` (`size_id`, `size_name`, `size_gender_id`, `size_status`, `size_default`, `size_created_by`, `size_created_at`, `size_updated_by`, `size_updated_at`) VALUES
(1, '42', 0, 1, 0, 2, '2025-05-11 17:56:07', 2, '0000-00-00 00:00:00'),
(4, '44', 0, 1, 0, 2, '2025-05-18 14:24:18', 2, '0000-00-00 00:00:00'),
(5, '40', 0, 1, 0, 2, '2025-05-18 14:24:27', 2, '0000-00-00 00:00:00'),
(6, '46', 0, 1, 0, 2, '2025-05-19 16:14:25', 2, '0000-00-00 00:00:00'),
(7, '50', 0, 1, 0, 2, '2025-05-19 16:22:03', 2, '0000-00-00 00:00:00'),
(8, 'FREE', 0, 1, 0, 2, '2025-05-19 20:19:20', 2, '0000-00-00 00:00:00');

-- --------------------------------------------------------

--
-- Table structure for table `sku_design_trans`
--

CREATE TABLE `sku_design_trans` (
  `sdt_id` int(11) NOT NULL,
  `sdt_sku_id` int(11) NOT NULL,
  `sdt_sku_uuid` varchar(50) NOT NULL,
  `sdt_bm_id` int(11) NOT NULL,
  `sdt_design_id` int(11) NOT NULL,
  `sdt_rate` double(16,2) NOT NULL,
  `sdt_mtr` double(16,2) NOT NULL,
  `sdt_amt` double(16,2) NOT NULL,
  `sdt_delete_status` tinyint(4) NOT NULL,
  `sdt_created_by` int(11) NOT NULL,
  `sdt_created_at` datetime NOT NULL,
  `sdt_updated_by` int(11) NOT NULL,
  `sdt_updated_at` datetime NOT NULL
) ENGINE=InnoDB DEFAULT CHARSET=utf8 COLLATE=utf8_general_ci;

-- --------------------------------------------------------

--
-- Table structure for table `sku_dying_trans`
--

CREATE TABLE `sku_dying_trans` (
  `sdyt_id` int(11) NOT NULL,
  `sdyt_sku_id` int(11) NOT NULL,
  `sdyt_sku_uuid` varchar(50) NOT NULL,
  `sdyt_dying_id` int(11) NOT NULL,
  `sdyt_rate` double(16,2) NOT NULL,
  `sdyt_delete_status` tinyint(4) NOT NULL,
  `sdyt_created_by` int(11) NOT NULL,
  `sdyt_created_at` datetime NOT NULL,
  `sdyt_updated_by` int(11) NOT NULL,
  `sdyt_updated_at` datetime NOT NULL
) ENGINE=InnoDB DEFAULT CHARSET=utf8 COLLATE=utf8_general_ci;

-- --------------------------------------------------------

--
-- Table structure for table `sku_embroidery_trans`
--

CREATE TABLE `sku_embroidery_trans` (
  `set_id` int(11) NOT NULL,
  `set_sku_id` int(11) NOT NULL,
  `set_sku_uuid` varchar(50) NOT NULL,
  `set_embroidery_id` int(11) NOT NULL,
  `set_rate` double(16,2) NOT NULL,
  `set_delete_status` tinyint(4) NOT NULL,
  `set_created_by` int(11) NOT NULL,
  `set_created_at` datetime NOT NULL,
  `set_updated_by` int(11) NOT NULL,
  `set_updated_at` datetime NOT NULL
) ENGINE=InnoDB DEFAULT CHARSET=utf8 COLLATE=utf8_general_ci;

-- --------------------------------------------------------

--
-- Table structure for table `sku_image_trans`
--

CREATE TABLE `sku_image_trans` (
  `sit_id` int(11) NOT NULL,
  `sit_sku_id` int(11) NOT NULL,
  `sit_path` text NOT NULL,
  `sit_delete_status` tinyint(4) NOT NULL,
  `sit_created_by` int(11) NOT NULL,
  `sit_created_at` datetime NOT NULL,
  `sit_updated_by` int(11) NOT NULL,
  `sit_updated_at` datetime NOT NULL
) ENGINE=InnoDB DEFAULT CHARSET=utf8 COLLATE=utf8_general_ci;

-- --------------------------------------------------------

--
-- Table structure for table `sku_karigar_trans`
--

CREATE TABLE `sku_karigar_trans` (
  `skt_id` int(11) NOT NULL,
  `skt_sku_id` int(11) NOT NULL,
  `skt_sku_uuid` varchar(50) NOT NULL,
  `skt_karigar_id` int(11) NOT NULL,
  `skt_apparel_id` int(11) NOT NULL,
  `skt_rate` double(16,2) NOT NULL,
  `skt_delete_status` tinyint(4) NOT NULL,
  `skt_created_by` int(11) NOT NULL,
  `skt_created_at` datetime NOT NULL,
  `skt_updated_by` int(11) NOT NULL,
  `skt_updated_at` datetime NOT NULL
) ENGINE=InnoDB DEFAULT CHARSET=utf8 COLLATE=utf8_general_ci;

-- --------------------------------------------------------

--
-- Table structure for table `sku_master`
--

CREATE TABLE `sku_master` (
  `sku_id` int(11) NOT NULL,
  `sku_uuid` bigint(20) NOT NULL,
  `sku_name` varchar(50) NOT NULL,
  `sku_apparel_id` int(11) NOT NULL,
  `sku_color_id` int(11) NOT NULL,
  `sku_mtr` double(16,2) NOT NULL,
  `sku_rate` double(16,2) NOT NULL,
  `sku_mrp` double(16,2) NOT NULL,
  `sku_piece` int(11) NOT NULL,
  `sku_image` text NOT NULL,
  `sku_notes` text NOT NULL,
  `sku_status` tinyint(4) NOT NULL,
  `sku_default` tinyint(4) NOT NULL,
  `sku_delete_status` int(11) NOT NULL,
  `sku_created_by` int(11) NOT NULL,
  `sku_created_at` datetime NOT NULL,
  `sku_updated_by` int(11) NOT NULL,
  `sku_updated_at` datetime NOT NULL
) ENGINE=InnoDB DEFAULT CHARSET=utf8 COLLATE=utf8_general_ci;

-- --------------------------------------------------------

--
-- Table structure for table `sku_other_trans`
--

CREATE TABLE `sku_other_trans` (
  `sot_id` int(11) NOT NULL,
  `sot_sku_id` int(11) NOT NULL,
  `sot_sku_uuid` varchar(50) NOT NULL,
  `sot_other_id` int(11) NOT NULL,
  `sot_rate` double(16,2) NOT NULL,
  `sot_delete_status` tinyint(4) NOT NULL,
  `sot_created_by` int(11) NOT NULL,
  `sot_created_at` datetime NOT NULL,
  `sot_updated_by` int(11) NOT NULL,
  `sot_updated_at` datetime NOT NULL
) ENGINE=InnoDB DEFAULT CHARSET=utf8 COLLATE=utf8_general_ci;

-- --------------------------------------------------------

--
-- Table structure for table `state_master`
--

CREATE TABLE `state_master` (
  `state_id` int(11) NOT NULL,
  `state_country_id` int(11) DEFAULT NULL,
  `state_name` varchar(30) NOT NULL,
  `state_code` int(11) NOT NULL,
  `state_status` tinyint(4) NOT NULL DEFAULT 1,
  `state_default` tinyint(4) NOT NULL,
  `state_created_by` int(11) NOT NULL,
  `state_created_at` datetime NOT NULL,
  `state_updated_by` int(11) NOT NULL,
  `state_updated_at` datetime NOT NULL,
  `state_deleted_by` int(11) NOT NULL,
  `state_deleted_at` datetime DEFAULT NULL
) ENGINE=InnoDB DEFAULT CHARSET=utf8 COLLATE=utf8_general_ci;

--
-- Dumping data for table `state_master`
--

INSERT INTO `state_master` (`state_id`, `state_country_id`, `state_name`, `state_code`, `state_status`, `state_default`, `state_created_by`, `state_created_at`, `state_updated_by`, `state_updated_at`, `state_deleted_by`, `state_deleted_at`) VALUES
(1, 1, 'Andhra Pradesh ', 28, 1, 0, 1, '2023-05-22 11:27:59', 1, '2023-05-22 11:27:59', 0, NULL),
(2, 1, 'Andman And Nicobar ', 35, 1, 0, 1, '2023-05-22 11:27:59', 1, '2023-05-22 11:27:59', 0, NULL),
(3, 1, 'Assam ', 18, 1, 0, 1, '2023-05-22 11:27:59', 1, '2023-05-22 11:27:59', 0, NULL),
(4, 1, 'Aurnachal Pradesh ', 12, 1, 0, 1, '2023-05-22 11:27:59', 1, '2023-05-22 11:27:59', 0, NULL),
(5, 1, 'Bihar ', 10, 1, 0, 1, '2023-05-22 11:27:59', 1, '2023-05-22 11:27:59', 0, NULL),
(6, 1, 'Chandigarh ', 4, 1, 0, 1, '2023-05-22 11:27:59', 1, '2023-05-22 11:27:59', 0, NULL),
(7, 1, 'Chattishgarh ', 22, 1, 0, 1, '2023-05-22 11:27:59', 1, '2023-05-22 11:27:59', 0, NULL),
(8, 1, 'Dadar And Nagar Haveli ', 26, 1, 0, 1, '2023-05-22 11:27:59', 1, '2023-05-22 11:27:59', 0, NULL),
(9, 1, 'Daman And Diu ', 25, 1, 0, 1, '2023-05-22 11:27:59', 1, '2023-05-22 11:27:59', 0, NULL),
(10, 1, 'Goa ', 30, 1, 0, 1, '2023-05-22 11:27:59', 1, '2023-05-22 11:27:59', 0, NULL),
(11, 1, 'Gujarat ', 24, 1, 0, 1, '2023-05-22 11:27:59', 1, '2023-05-22 11:27:59', 0, NULL),
(12, 1, 'Haryana ', 6, 1, 0, 1, '2023-05-22 11:27:59', 1, '2023-05-22 11:27:59', 0, NULL),
(13, 1, 'Himachal Pradesh ', 2, 1, 0, 1, '2023-05-22 11:27:59', 1, '2023-05-22 11:27:59', 0, NULL),
(14, 1, 'Jammu And Kashmir ', 1, 1, 0, 1, '2023-05-22 11:27:59', 1, '2023-05-22 11:27:59', 0, NULL),
(15, 1, 'Jharkhand ', 20, 1, 0, 1, '2023-05-22 11:27:59', 1, '2023-05-22 11:27:59', 0, NULL),
(16, 1, 'Karnataka ', 29, 1, 0, 1, '2023-05-22 11:27:59', 1, '2023-05-22 11:27:59', 0, NULL),
(17, 1, 'Kerala ', 32, 1, 0, 1, '2023-05-22 11:27:59', 1, '2023-05-22 11:27:59', 0, NULL),
(18, 1, 'Lakshadeep', 23, 1, 0, 1, '2023-05-22 11:27:59', 1, '2023-05-22 11:27:59', 0, NULL),
(19, 1, 'Madhya Pradesh ', 27, 1, 0, 1, '2023-05-22 11:27:59', 1, '2023-05-22 11:27:59', 0, NULL),
(20, 1, 'Maharashtra ', 31, 1, 0, 1, '2023-05-22 11:27:59', 1, '2023-05-22 11:27:59', 0, NULL),
(21, 1, 'Manipur ', 14, 1, 0, 1, '2023-05-22 11:27:59', 1, '2023-05-22 11:27:59', 0, NULL),
(22, 1, 'Meghalaya ', 17, 1, 0, 1, '2023-05-22 11:27:59', 1, '2023-05-22 11:27:59', 0, NULL),
(23, 1, 'Mizoram ', 15, 1, 0, 1, '2023-05-22 11:27:59', 1, '2023-05-22 11:27:59', 0, NULL),
(24, 1, 'Nagaland ', 13, 1, 0, 1, '2023-05-22 11:27:59', 1, '2023-05-22 11:27:59', 0, NULL),
(25, 1, 'TELANGANA', 36, 1, 0, 1, '2023-05-22 11:27:59', 1, '2023-05-22 11:27:59', 0, NULL),
(26, 1, 'Orissa ', 21, 1, 0, 1, '2023-05-22 11:27:59', 1, '2023-05-22 11:27:59', 0, NULL),
(27, 1, 'Pondicherry ', 34, 1, 0, 1, '2023-05-22 11:27:59', 1, '2023-05-22 11:27:59', 0, NULL),
(28, 1, 'Punjab ', 3, 1, 0, 1, '2023-05-22 11:27:59', 1, '2023-05-22 11:27:59', 0, NULL),
(29, 1, 'Rajsthan ', 8, 1, 0, 1, '2023-05-22 11:27:59', 1, '2023-05-22 11:27:59', 0, NULL),
(30, 1, 'Sikkim ', 11, 1, 0, 1, '2023-05-22 11:27:59', 1, '2023-05-22 11:27:59', 0, NULL),
(31, 1, 'Tamil Nadu ', 33, 1, 0, 1, '2023-05-22 11:27:59', 1, '2023-05-22 11:27:59', 0, NULL),
(32, 1, 'Tripura ', 16, 1, 0, 1, '2023-05-22 11:27:59', 1, '2023-05-22 11:27:59', 0, NULL),
(33, 1, 'Uttar Pradesh ', 9, 1, 0, 1, '2023-05-22 11:27:59', 1, '2023-05-22 11:27:59', 0, NULL),
(34, 1, 'Uttrakhand', 5, 1, 0, 1, '2023-05-22 11:27:59', 1, '2023-05-22 11:27:59', 0, NULL),
(35, 1, 'West Bengal ', 19, 1, 0, 1, '2023-05-22 11:27:59', 1, '2023-05-22 11:27:59', 0, NULL),
(36, 1, 'Delhi ', 7, 1, 0, 1, '2023-05-22 11:27:59', 1, '2023-05-22 11:27:59', 0, NULL);

-- --------------------------------------------------------

--
-- Table structure for table `style_master`
--

CREATE TABLE `style_master` (
  `style_id` int(11) NOT NULL,
  `style_name` varchar(50) NOT NULL,
  `style_group` varchar(10) DEFAULT NULL,
  `style_status` tinyint(4) NOT NULL,
  `style_default` tinyint(4) NOT NULL,
  `style_created_by` int(11) NOT NULL,
  `style_created_at` datetime NOT NULL,
  `style_updated_by` int(11) NOT NULL,
  `style_updated_at` datetime NOT NULL,
  `style_deleted_by` int(11) DEFAULT NULL,
  `style_deleted_at` datetime DEFAULT NULL
) ENGINE=InnoDB DEFAULT CHARSET=utf8 COLLATE=utf8_general_ci;

-- --------------------------------------------------------

--
-- Table structure for table `style_priority_master`
--

CREATE TABLE `style_priority_master` (
  `spm_id` int(11) NOT NULL,
  `spm_uuid` varchar(50) NOT NULL,
  `spm_apparel_id` int(11) NOT NULL,
  `spm_status` tinyint(4) NOT NULL,
  `spm_default` tinyint(4) NOT NULL,
  `spm_delete_status` tinyint(4) NOT NULL,
  `spm_created_by` int(11) NOT NULL,
  `spm_created_at` datetime NOT NULL,
  `spm_updated_by` int(11) NOT NULL,
  `spm_updated_at` datetime NOT NULL
) ENGINE=InnoDB DEFAULT CHARSET=utf8 COLLATE=utf8_general_ci;

-- --------------------------------------------------------

--
-- Table structure for table `style_priority_trans`
--

CREATE TABLE `style_priority_trans` (
  `spt_id` int(11) NOT NULL,
  `spt_uuid` varchar(50) NOT NULL,
  `spt_spm_id` int(11) NOT NULL,
  `spt_priority` int(11) NOT NULL,
  `spt_asm_id` int(11) NOT NULL,
  `spt_delete_status` tinyint(4) NOT NULL,
  `spt_created_by` int(11) NOT NULL,
  `spt_created_at` datetime NOT NULL,
  `spt_updated_by` int(11) NOT NULL,
  `spt_updated_at` datetime NOT NULL
) ENGINE=InnoDB DEFAULT CHARSET=utf8 COLLATE=utf8_general_ci;

-- --------------------------------------------------------

--
-- Table structure for table `style_setting_master`
--

CREATE TABLE `style_setting_master` (
  `style_setting_id` int(11) NOT NULL,
  `style_setting_apparel_id` int(11) NOT NULL,
  `style_setting_style_id` int(11) NOT NULL,
  `style_setting_status` tinyint(4) NOT NULL DEFAULT 1,
  `style_setting_default` tinyint(4) NOT NULL,
  `style_setting_created_by` int(11) NOT NULL,
  `style_setting_created_at` datetime NOT NULL,
  `style_setting_updated_by` int(11) NOT NULL,
  `style_setting_updated_at` datetime NOT NULL,
  `style_setting_deleted_by` int(11) DEFAULT NULL,
  `style_setting_deleted_at` datetime DEFAULT NULL
) ENGINE=InnoDB DEFAULT CHARSET=utf8 COLLATE=utf8_general_ci;

-- --------------------------------------------------------

--
-- Table structure for table `supplier_master`
--

CREATE TABLE `supplier_master` (
  `supplier_id` int(11) NOT NULL,
  `supplier_name` varchar(50) NOT NULL,
  `supplier_person` varchar(20) NOT NULL,
  `supplier_mobile` varchar(15) NOT NULL,
  `supplier_address` text NOT NULL,
  `supplier_pincode` varchar(50) NOT NULL,
  `supplier_city_id` int(11) NOT NULL,
  `supplier_state_id` int(11) NOT NULL,
  `supplier_country_id` int(11) NOT NULL,
  `supplier_phone1` varchar(10) NOT NULL,
  `supplier_phone2` varchar(10) NOT NULL,
  `supplier_email` varchar(50) NOT NULL,
  `supplier_code` varchar(10) NOT NULL,
  `supplier_pan_no` varchar(20) NOT NULL,
  `supplier_gst_no` varchar(20) NOT NULL,
  `supplier_opening_amt` double(16,2) NOT NULL,
  `supplier_credit_amt` double(16,2) NOT NULL,
  `supplier_credit_day` int(11) NOT NULL,
  `supplier_refer_by` varchar(20) NOT NULL,
  `supplier_referer_mobile` varchar(20) NOT NULL,
  `supplier_remark` text NOT NULL,
  `supplier_notes` text NOT NULL,
  `supplier_status` tinyint(4) NOT NULL DEFAULT 1,
  `supplier_constant` varchar(50) NOT NULL,
  `supplier_created_by` int(11) NOT NULL,
  `supplier_created_at` datetime NOT NULL,
  `supplier_updated_by` int(11) NOT NULL,
  `supplier_updated_at` datetime NOT NULL DEFAULT current_timestamp() ON UPDATE current_timestamp()
) ENGINE=InnoDB DEFAULT CHARSET=utf8 COLLATE=utf8_general_ci;

-- --------------------------------------------------------

--
-- Table structure for table `theme_master`
--

CREATE TABLE `theme_master` (
  `theme_id` int(11) NOT NULL,
  `theme_name` varchar(20) NOT NULL,
  `theme_status` tinyint(4) NOT NULL,
  `theme_created_by` int(11) NOT NULL,
  `theme_created_at` datetime NOT NULL,
  `theme_updated_by` int(11) NOT NULL,
  `theme_updated_at` datetime NOT NULL
) ENGINE=InnoDB DEFAULT CHARSET=utf8 COLLATE=utf8_general_ci;

--
-- Dumping data for table `theme_master`
--

INSERT INTO `theme_master` (`theme_id`, `theme_name`, `theme_status`, `theme_created_by`, `theme_created_at`, `theme_updated_by`, `theme_updated_at`) VALUES
(1, 'light', 1, 1, '2023-02-15 14:43:10', 1, '2023-02-15 14:44:51'),
(2, 'blue', 1, 1, '2023-02-15 14:47:48', 1, '2023-02-15 15:19:29');

-- --------------------------------------------------------

--
-- Table structure for table `theme_trans`
--

CREATE TABLE `theme_trans` (
  `tt_id` int(11) NOT NULL,
  `tt_theme_id` int(11) NOT NULL,
  `tt_variable` varchar(50) NOT NULL,
  `tt_value` varchar(50) NOT NULL,
  `tt_status` tinyint(4) NOT NULL
) ENGINE=InnoDB DEFAULT CHARSET=utf8 COLLATE=utf8_general_ci;

--
-- Dumping data for table `theme_trans`
--

INSERT INTO `theme_trans` (`tt_id`, `tt_theme_id`, `tt_variable`, `tt_value`, `tt_status`) VALUES
(1, 1, '--bg-color-primary', '#cacfd1', 1),
(2, 2, '--bg-color-primary', '#55abce', 1);

-- --------------------------------------------------------

--
-- Table structure for table `user_master`
--

CREATE TABLE `user_master` (
  `user_id` int(11) NOT NULL,
  `user_role` varchar(20) NOT NULL,
  `user_role_id` int(11) NOT NULL,
  `user_branch_id` int(11) NOT NULL,
  `user_name` varchar(20) DEFAULT NULL,
  `user_password` text DEFAULT NULL,
  `user_fullname` varchar(50) DEFAULT NULL,
  `user_address` text DEFAULT NULL,
  `user_pincode` varchar(50) NOT NULL,
  `user_mobile` varchar(20) DEFAULT NULL,
  `user_telephone` varchar(20) DEFAULT NULL,
  `user_email` varchar(50) DEFAULT NULL,
  `user_city_id` int(11) NOT NULL,
  `user_state_id` int(11) NOT NULL,
  `user_country_id` int(11) NOT NULL,
  `user_status` tinyint(4) NOT NULL DEFAULT 1,
  `user_primary` varchar(100) NOT NULL,
  `user_secondary` varchar(100) NOT NULL,
  `user_log_status` tinyint(4) NOT NULL DEFAULT 0,
  `user_type` tinyint(4) NOT NULL DEFAULT 2,
  `user_visible_password` varchar(100) DEFAULT NULL,
  `user_token` text DEFAULT NULL,
  `user_ip` varchar(64) NOT NULL,
  `user_constant` varchar(50) NOT NULL,
  `user_theme_id` int(11) NOT NULL DEFAULT 1,
  `user_bgcolor` varchar(10) NOT NULL DEFAULT '#cacfd1',
  `user_created_by` int(11) NOT NULL,
  `user_created_at` datetime DEFAULT NULL,
  `user_updated_by` int(11) NOT NULL,
  `user_updated_at` datetime NOT NULL DEFAULT current_timestamp() ON UPDATE current_timestamp()
) ENGINE=InnoDB DEFAULT CHARSET=utf8 COLLATE=utf8_general_ci;

--
-- Dumping data for table `user_master`
--

INSERT INTO `user_master` (`user_id`, `user_role`, `user_role_id`, `user_branch_id`, `user_name`, `user_password`, `user_fullname`, `user_address`, `user_pincode`, `user_mobile`, `user_telephone`, `user_email`, `user_city_id`, `user_state_id`, `user_country_id`, `user_status`, `user_primary`, `user_secondary`, `user_log_status`, `user_type`, `user_visible_password`, `user_token`, `user_ip`, `user_constant`, `user_theme_id`, `user_bgcolor`, `user_created_by`, `user_created_at`, `user_updated_by`, `user_updated_at`) VALUES
(1, 'SUPER ADMIN', 1, 1, 'sadmin', 'c5edac1b8c1d58bad90a246d8f08f53b', 'DEVELOPER', '', '', '', '', '', 0, 0, 0, 1, '', '', 1, 1, NULL, 'fl2g7sndel1q1cgj5k854q3kpll209qn', '::1', '', 1, '#ddd5d5', 0, '2020-10-16 15:39:50', 1, '2025-06-04 14:01:18'),
(2, 'ADMIN', 1, 1, 'admin', '21232f297a57a5a743894a0e4a801fc3', 'admin', '', '', '', '', '', 0, 0, 0, 1, '', '', 1, 2, NULL, '5rovvd0mga9iag5vghd33hr4m7tl4qmp', '223.190.84.163', '', 1, '#dbdbdb', 0, NULL, 1, '2025-06-02 03:17:01'),
(8, 'SUPER ADMIN', 1, 2, 'sadmin', 'c5edac1b8c1d58bad90a246d8f08f53b', 'Super Admin', NULL, '', NULL, NULL, NULL, 0, 0, 0, 1, '', '', 0, 1, NULL, NULL, '', '', 1, '#cacfd1', 2, '2025-05-09 19:40:53', 2, '2025-05-09 10:10:53'),
(10, 'SUPER ADMIN', 1, 3, 'sadmin', 'c5edac1b8c1d58bad90a246d8f08f53b', 'Super Admin', NULL, '', NULL, NULL, NULL, 0, 0, 0, 1, '', '', 0, 1, NULL, NULL, '', '', 1, '#cacfd1', 2, '2025-05-09 19:40:59', 2, '2025-05-09 10:10:59'),
(12, '', 6, 1, 'sanjay arora', '5f1c5342818bf8c161d8ff4e18ff1720', 'sanjay arora', '', '', '', NULL, '', 0, 0, 0, 1, '', '', 0, 2, NULL, NULL, '', '', 1, '#cacfd1', 2, '2025-05-16 15:04:17', 2, '2025-05-16 05:34:17'),
(13, '', 9, 0, 'MD MUSHTAQUE', '8920702980f05dc9050682666a631f62', 'md mushtaque', '', '', '', NULL, '', 0, 0, 0, 1, '', '', 0, 2, NULL, '0', '223.190.80.226', '', 1, '#cacfd1', 2, '2025-05-16 15:05:16', 2, '2025-05-17 03:47:00'),
(14, '', 6, 1, 'zamir', 'd743e264e830fb4cba45702b7be68b2a', 'zamir ahmed', '', '', '', NULL, '', 0, 0, 0, 1, '', '', 0, 2, NULL, NULL, '', '', 1, '#cacfd1', 2, '2025-05-28 13:22:57', 2, '2025-05-28 03:52:57'),
(16, '', 6, 1, 'SINGH', 'b56127d8f531bb0bf45b23e7c823ec2e', 'HARVINDER SINGH', '', '', '', NULL, '', 0, 0, 0, 1, '', '', 0, 2, NULL, NULL, '', '', 1, '#cacfd1', 2, '2025-05-29 12:59:20', 2, '2025-05-29 03:29:20'),
(17, '', 6, 0, 'RAKESH', '965e4558c8c3488209a02c725a7d13aa', 'RAKESH KUMAR SHARMA', '', '', '', NULL, '', 0, 0, 0, 1, '', '', 0, 2, NULL, NULL, '', '', 1, '#cacfd1', 2, '2025-05-29 12:59:48', 2, '2025-05-29 03:29:48'),
(18, '', 6, 0, 'NAVEEN', '72098e31dcaaadc95262a9f2e23115c7', 'NAVEEN KUMAR', '', '', '', NULL, '', 0, 0, 0, 1, '', '', 0, 2, NULL, NULL, '', '', 1, '#cacfd1', 2, '2025-05-29 13:00:10', 2, '2025-05-29 03:30:10'),
(19, '', 6, 0, 'KUMAE', 'e58659f69574565586fc87821a69ffbb', 'NAVEEN KUMAR', '', '', '', NULL, '', 0, 0, 0, 1, '', '', 0, 2, NULL, NULL, '', '', 1, '#cacfd1', 2, '2025-05-29 13:00:59', 2, '2025-05-29 03:30:59'),
(20, '', 9, 1, 'ASHOK', '1ef1bed1214adcd985527b24803b2760', 'ASHOK DHAWAN', '', '', '', NULL, '', 0, 0, 0, 1, '', '', 0, 2, NULL, NULL, '', '', 1, '#cacfd1', 2, '2025-05-29 13:04:04', 2, '2025-05-29 03:34:04'),
(21, '', 6, 0, 'KUMAR', 'e58659f69574565586fc87821a69ffbb', 'NAVEEN KUMAR', '', '', '', NULL, '', 0, 0, 0, 1, '', '', 1, 2, NULL, 'cpa2hf9tdg8nu6m1vqnhil9hksumlv1f', '223.190.83.77', '', 1, '#cacfd1', 2, '2025-05-29 13:04:47', 2, '2025-05-31 04:52:37');

-- --------------------------------------------------------

--
-- Table structure for table `width_master`
--

CREATE TABLE `width_master` (
  `width_id` int(11) NOT NULL,
  `width_name` varchar(50) NOT NULL,
  `width_status` tinyint(4) NOT NULL,
  `width_default` tinyint(4) NOT NULL,
  `width_created_by` int(11) NOT NULL,
  `width_created_at` datetime NOT NULL,
  `width_updated_by` int(11) NOT NULL,
  `width_updated_at` datetime NOT NULL
) ENGINE=InnoDB DEFAULT CHARSET=utf8 COLLATE=utf8_general_ci;

--
-- Dumping data for table `width_master`
--

INSERT INTO `width_master` (`width_id`, `width_name`, `width_status`, `width_default`, `width_created_by`, `width_created_at`, `width_updated_by`, `width_updated_at`) VALUES
(1, '36\"', 1, 0, 2, '2025-05-09 16:39:13', 2, '0000-00-00 00:00:00'),
(2, '44\"', 1, 0, 2, '2025-05-09 16:39:22', 2, '0000-00-00 00:00:00'),
(3, '58\"', 1, 0, 2, '2025-05-09 16:39:38', 2, '0000-00-00 00:00:00'),
(4, '60\"', 1, 0, 2, '2025-05-09 16:39:47', 2, '0000-00-00 00:00:00');

--
-- Indexes for dumped tables
--

--
-- Indexes for table `apparel_apparel_trans`
--
ALTER TABLE `apparel_apparel_trans`
  ADD PRIMARY KEY (`aat_id`),
  ADD UNIQUE KEY `apparel_id` (`apparel_id`,`aat_apparel_id`) USING BTREE;

--
-- Indexes for table `apparel_master`
--
ALTER TABLE `apparel_master`
  ADD PRIMARY KEY (`apparel_id`);

--
-- Indexes for table `apparel_proces_trans`
--
ALTER TABLE `apparel_proces_trans`
  ADD PRIMARY KEY (`apt_id`),
  ADD KEY `apt_proces_id` (`apt_proces_id`),
  ADD KEY `apt_created_by` (`apt_created_by`),
  ADD KEY `apt_updated_by` (`apt_updated_by`),
  ADD KEY `apt_apparel_id` (`apt_apparel_id`) USING BTREE,
  ADD KEY `apt_sequence` (`apt_sequence`);

--
-- Indexes for table `apparel_style_master`
--
ALTER TABLE `apparel_style_master`
  ADD PRIMARY KEY (`asm_id`),
  ADD UNIQUE KEY `asm_name` (`asm_name`,`asm_delete_status`) USING BTREE,
  ADD UNIQUE KEY `asm_uuid` (`asm_uuid`),
  ADD KEY `asm_status` (`asm_status`),
  ADD KEY `asm_created_by` (`asm_created_by`),
  ADD KEY `asm_updated_by` (`asm_updated_by`),
  ADD KEY `asm_default` (`asm_default`),
  ADD KEY `asm_delete_status` (`asm_delete_status`);

--
-- Indexes for table `apparel_style_trans`
--
ALTER TABLE `apparel_style_trans`
  ADD PRIMARY KEY (`ast_id`),
  ADD KEY `ast_asm_id` (`ast_asm_id`),
  ADD KEY `ast_delete_status` (`ast_delete_status`),
  ADD KEY `ast_created_by` (`ast_created_by`),
  ADD KEY `ast_updated_by` (`ast_updated_by`),
  ADD KEY `ast_uuid` (`ast_uuid`),
  ADD KEY `ast_default` (`ast_default`);

--
-- Indexes for table `barcode_master`
--
ALTER TABLE `barcode_master`
  ADD PRIMARY KEY (`bm_id`),
  ADD UNIQUE KEY `bm_item_code` (`bm_item_code`,`bm_branch_id`) USING BTREE,
  ADD UNIQUE KEY `bm_roll_no` (`bm_roll_no`) USING BTREE,
  ADD KEY `bm_counter` (`bm_counter`),
  ADD KEY `bm_delete_status` (`bm_delete_status`),
  ADD KEY `bm_branch_id` (`bm_branch_id`),
  ADD KEY `bm_fin_year` (`bm_fin_year`),
  ADD KEY `bm_supplier_id` (`bm_supplier_id`),
  ADD KEY `bm_pm_id` (`bm_pm_id`),
  ADD KEY `bm_pt_id` (`bm_pt_id`),
  ADD KEY `bm_item_id` (`bm_fabric_id`) USING BTREE,
  ADD KEY `bm_created_by` (`bm_created_by`),
  ADD KEY `bm_updated_by` (`bm_updated_by`),
  ADD KEY `bm_design_id` (`bm_design_id`),
  ADD KEY `bm_color_id` (`bm_color_id`),
  ADD KEY `bm_hsn_id` (`bm_hsn_id`),
  ADD KEY `bm_width_id` (`bm_width_id`),
  ADD KEY `bm_category_id` (`bm_category_id`);

--
-- Indexes for table `barcode_readymade_master`
--
ALTER TABLE `barcode_readymade_master`
  ADD PRIMARY KEY (`brmm_id`),
  ADD UNIQUE KEY `brmm_item_code` (`brmm_item_code`,`brmm_branch_id`) USING BTREE,
  ADD UNIQUE KEY `brmm_roll_no` (`brmm_roll_no`) USING BTREE,
  ADD KEY `brmm_counter` (`brmm_counter`),
  ADD KEY `brmm_delete_status` (`brmm_delete_status`),
  ADD KEY `brmm_branch_id` (`brmm_branch_id`),
  ADD KEY `brmm_fin_year` (`brmm_fin_year`),
  ADD KEY `brmm_supplier_id` (`brmm_supplier_id`),
  ADD KEY `brmm_prmm_id` (`brmm_prmm_id`),
  ADD KEY `brmm_prmt_id` (`brmm_prmt_id`),
  ADD KEY `brmm_item_id` (`brmm_design_id`) USING BTREE,
  ADD KEY `brmm_created_by` (`brmm_created_by`),
  ADD KEY `brmm_updated_by` (`brmm_updated_by`),
  ADD KEY `brmm_design_id` (`brmm_design_id`),
  ADD KEY `brmm_color_id` (`brmm_color_id`),
  ADD KEY `brmm_size_id` (`brmm_size_id`),
  ADD KEY `brmm_gender_id` (`brmm_gender_id`),
  ADD KEY `brmm_readymade_category_id` (`brmm_readymade_category_id`) USING BTREE,
  ADD KEY `brmm_product_id` (`brmm_product_id`);

--
-- Indexes for table `branch_master`
--
ALTER TABLE `branch_master`
  ADD PRIMARY KEY (`branch_id`),
  ADD UNIQUE KEY `branch_name` (`branch_name`),
  ADD KEY `branch_status` (`branch_status`),
  ADD KEY `branch_default` (`branch_default`),
  ADD KEY `branch_created_by` (`branch_created_by`),
  ADD KEY `branch_updated_by` (`branch_updated_by`);

--
-- Indexes for table `category_master`
--
ALTER TABLE `category_master`
  ADD PRIMARY KEY (`category_id`),
  ADD UNIQUE KEY `category_name` (`category_name`),
  ADD KEY `category_status` (`category_status`),
  ADD KEY `category_default` (`category_default`),
  ADD KEY `category_created_by` (`category_created_by`),
  ADD KEY `category_updated_by` (`category_updated_by`),
  ADD KEY `category_deleted_by` (`category_deleted_by`),
  ADD KEY `category_code` (`category_code`),
  ADD KEY `category_saleable` (`category_saleable`);

--
-- Indexes for table `city_master`
--
ALTER TABLE `city_master`
  ADD PRIMARY KEY (`city_id`),
  ADD UNIQUE KEY `city_name` (`city_name`),
  ADD KEY `city_default` (`city_default`);

--
-- Indexes for table `color_master`
--
ALTER TABLE `color_master`
  ADD PRIMARY KEY (`color_id`),
  ADD UNIQUE KEY `color_name` (`color_name`),
  ADD KEY `color_status` (`color_status`),
  ADD KEY `color_default` (`color_default`),
  ADD KEY `color_created_by` (`color_created_by`),
  ADD KEY `color_updated_by` (`color_updated_by`);

--
-- Indexes for table `company_master`
--
ALTER TABLE `company_master`
  ADD PRIMARY KEY (`company_id`),
  ADD UNIQUE KEY `company_name` (`company_name`),
  ADD KEY `company_status` (`company_status`),
  ADD KEY `company_created_by` (`company_created_by`),
  ADD KEY `company_updated_by` (`company_updated_by`),
  ADD KEY `company_constant` (`company_constant`),
  ADD KEY `company_state_id` (`company_state_id`),
  ADD KEY `company_country_id` (`company_country_id`),
  ADD KEY `company_city_id` (`company_city_id`) USING BTREE;

--
-- Indexes for table `cost_char_master`
--
ALTER TABLE `cost_char_master`
  ADD PRIMARY KEY (`cost_char_id`);

--
-- Indexes for table `country_master`
--
ALTER TABLE `country_master`
  ADD PRIMARY KEY (`country_id`),
  ADD UNIQUE KEY `country_name` (`country_name`),
  ADD KEY `country_default` (`country_default`);

--
-- Indexes for table `customer_attachment_trans`
--
ALTER TABLE `customer_attachment_trans`
  ADD PRIMARY KEY (`cat_id`),
  ADD KEY `cat_customer_id` (`cat_customer_id`),
  ADD KEY `cat_created_by` (`cat_created_by`),
  ADD KEY `cat_updated_by` (`cat_updated_by`);

--
-- Indexes for table `customer_master`
--
ALTER TABLE `customer_master`
  ADD PRIMARY KEY (`customer_id`),
  ADD KEY `customer_status` (`customer_status`),
  ADD KEY `customer_created_by` (`customer_created_by`),
  ADD KEY `customer_updated_by` (`customer_updated_by`),
  ADD KEY `customer_refer_id` (`customer_refer_id`),
  ADD KEY `customer_type` (`customer_type`),
  ADD KEY `customer_sms_service` (`customer_sms_service`),
  ADD KEY `customer_whatsapp_service` (`customer_whatsapp_service`),
  ADD KEY `customer_email_service` (`customer_email_service`),
  ADD KEY `customer_dnd_service` (`customer_dnd_service`),
  ADD KEY `customer_same_as_mobile` (`customer_same_as_mobile`),
  ADD KEY `customer_state_id` (`customer_state_id`),
  ADD KEY `customer_deleted_by` (`customer_deleted_by`),
  ADD KEY `customer_type_id` (`customer_type_id`),
  ADD KEY `customer_no` (`customer_no`) USING BTREE,
  ADD KEY `customer_mobile` (`customer_mobile`) USING BTREE,
  ADD KEY `customer_city_id` (`customer_city_id`),
  ADD KEY `customer_country_id` (`customer_country_id`);

--
-- Indexes for table `customer_measurement_trans`
--
ALTER TABLE `customer_measurement_trans`
  ADD PRIMARY KEY (`cmt_id`),
  ADD KEY `cmt_customer_id` (`cmt_customer_id`),
  ADD KEY `cmt_measurement_id` (`cmt_measurement_id`) USING BTREE,
  ADD KEY `cmt_apparel_id` (`cmt_apparel_id`) USING BTREE,
  ADD KEY `cmt_is_exist` (`cmt_is_exist`) USING BTREE,
  ADD KEY `cmt_created_by` (`cmt_created_by`),
  ADD KEY `cmt_updated_by` (`cmt_updated_by`),
  ADD KEY `cmt_bill_no` (`cmt_bill_no`),
  ADD KEY `cmt_om_id` (`cmt_om_id`),
  ADD KEY `cmt_ot_id` (`cmt_ot_id`),
  ADD KEY `cmt_om_uuid` (`cmt_om_uuid`),
  ADD KEY `cmt_em_id` (`cmt_em_id`),
  ADD KEY `cmt_et_id` (`cmt_et_id`),
  ADD KEY `cmt_delete_status` (`cmt_delete_status`) USING BTREE,
  ADD KEY `cmt_obm_id` (`cmt_obm_id`,`cmt_obt_id`),
  ADD KEY `cmt_obm_uuid` (`cmt_obm_uuid`,`cmt_em_uuid`,`cmt_customer_uuid`);

--
-- Indexes for table `customer_style_image_trans`
--
ALTER TABLE `customer_style_image_trans`
  ADD PRIMARY KEY (`csit_id`),
  ADD KEY `csit_customer_id` (`csit_customer_id`),
  ADD KEY `csit_apparel_id` (`csit_apparel_id`),
  ADD KEY `csit_bill_no` (`csit_bill_no`),
  ADD KEY `csit_created_by` (`csit_created_by`),
  ADD KEY `csit_updated_by` (`csit_updated_by`),
  ADD KEY `csit_om_id` (`csit_om_id`),
  ADD KEY `csit_ot_id` (`csit_ot_id`),
  ADD KEY `csit_om_uuid` (`csit_om_uuid`),
  ADD KEY `csit_em_id` (`csit_em_id`),
  ADD KEY `csit_et_id` (`csit_et_id`),
  ADD KEY `csit_delete_status` (`csit_delete_status`),
  ADD KEY `csit_bill_date` (`csit_bill_date`),
  ADD KEY `csit_customer_uuid` (`csit_customer_uuid`),
  ADD KEY `csit_em_uuid` (`csit_em_uuid`),
  ADD KEY `csit_ast_id` (`csit_ast_id`),
  ADD KEY `csit_spt_id` (`csit_spt_id`),
  ADD KEY `csit_obm_uuid` (`csit_obm_uuid`),
  ADD KEY `csit_obm_id` (`csit_obm_id`),
  ADD KEY `csit_obt_id` (`csit_obt_id`);

--
-- Indexes for table `customer_style_trans`
--
ALTER TABLE `customer_style_trans`
  ADD PRIMARY KEY (`cst_id`),
  ADD KEY `cst_customer_id` (`cst_customer_id`),
  ADD KEY `cst_style_id` (`cst_style_id`),
  ADD KEY `cst_apparel_id` (`cst_apparel_id`),
  ADD KEY `cst_bill_no` (`cst_bill_no`),
  ADD KEY `cst_created_by` (`cst_created_by`),
  ADD KEY `cst_updated_by` (`cst_updated_by`),
  ADD KEY `cst_om_id` (`cst_om_id`),
  ADD KEY `cst_ot_id` (`cst_ot_id`),
  ADD KEY `cst_om_uuid` (`cst_om_uuid`),
  ADD KEY `cst_value` (`cst_value`),
  ADD KEY `cst_em_id` (`cst_em_id`),
  ADD KEY `cst_et_id` (`cst_et_id`),
  ADD KEY `cst_delete_status` (`cst_delete_status`) USING BTREE,
  ADD KEY `cst_customer_uuid` (`cst_customer_uuid`),
  ADD KEY `cst_em_uuid` (`cst_em_uuid`),
  ADD KEY `cst_obm_uuid` (`cst_obm_uuid`),
  ADD KEY `cst_obm_id` (`cst_obm_id`),
  ADD KEY `cst_obt_id` (`cst_obt_id`);

--
-- Indexes for table `design_master`
--
ALTER TABLE `design_master`
  ADD PRIMARY KEY (`design_id`),
  ADD UNIQUE KEY `design_name` (`design_name`,`design_supplier_id`) USING BTREE,
  ADD KEY `design_status` (`design_status`),
  ADD KEY `design_created_by` (`design_created_by`),
  ADD KEY `design_updated_by` (`design_updated_by`),
  ADD KEY `design_default` (`design_default`),
  ADD KEY `design_supplier_id` (`design_supplier_id`);

--
-- Indexes for table `dying_master`
--
ALTER TABLE `dying_master`
  ADD PRIMARY KEY (`dying_id`),
  ADD UNIQUE KEY `dying_name` (`dying_name`),
  ADD KEY `dying_status` (`dying_status`),
  ADD KEY `dying_default` (`dying_default`),
  ADD KEY `dying_created_by` (`dying_created_by`),
  ADD KEY `dying_updated_by` (`dying_updated_by`);

--
-- Indexes for table `embroidery_master`
--
ALTER TABLE `embroidery_master`
  ADD PRIMARY KEY (`embroidery_id`),
  ADD UNIQUE KEY `embroidery_name` (`embroidery_name`),
  ADD KEY `embroidery_status` (`embroidery_status`),
  ADD KEY `embroidery_default` (`embroidery_default`),
  ADD KEY `embroidery_created_by` (`embroidery_created_by`),
  ADD KEY `embroidery_updated_by` (`embroidery_updated_by`);

--
-- Indexes for table `estimate_barcode_trans`
--
ALTER TABLE `estimate_barcode_trans`
  ADD PRIMARY KEY (`ebt_id`),
  ADD UNIQUE KEY `ebt_item_code` (`ebt_item_code`,`ebt_branch_id`) USING BTREE,
  ADD UNIQUE KEY `ebt_roll_no` (`ebt_roll_no`) USING BTREE,
  ADD KEY `ebt_counter` (`ebt_counter`),
  ADD KEY `ebt_delete_status` (`ebt_delete_status`),
  ADD KEY `ebt_branch_id` (`ebt_branch_id`),
  ADD KEY `ebt_fin_year` (`ebt_fin_year`),
  ADD KEY `ebt_em_id` (`ebt_em_id`),
  ADD KEY `ebt_et_id` (`ebt_et_id`),
  ADD KEY `ebt_item_id` (`ebt_apparel_id`) USING BTREE,
  ADD KEY `ebt_created_by` (`ebt_created_by`),
  ADD KEY `ebt_updated_by` (`ebt_updated_by`);

--
-- Indexes for table `estimate_maap_trans`
--
ALTER TABLE `estimate_maap_trans`
  ADD PRIMARY KEY (`emt_id`),
  ADD KEY `emt_maap_id` (`emt_maap_id`),
  ADD KEY `emt_delete_status` (`emt_delete_status`),
  ADD KEY `emt_created_by` (`emt_created_by`),
  ADD KEY `emt_updated_by` (`emt_updated_by`),
  ADD KEY `emt_em_uuid` (`emt_em_uuid`),
  ADD KEY `emt_em_id` (`emt_em_id`),
  ADD KEY `emt_et_id` (`emt_et_id`),
  ADD KEY `emt_customer_id` (`emt_customer_id`),
  ADD KEY `emt_apparel_id` (`emt_apparel_id`);

--
-- Indexes for table `estimate_master`
--
ALTER TABLE `estimate_master`
  ADD PRIMARY KEY (`em_id`),
  ADD UNIQUE KEY `em_entry_no` (`em_entry_no`,`em_fin_year`,`em_branch_id`,`em_delete_status`) USING BTREE,
  ADD KEY `em_uuid` (`em_uuid`),
  ADD KEY `em_customer_id` (`em_customer_id`),
  ADD KEY `em_delete_status` (`em_delete_status`),
  ADD KEY `em_fin_year` (`em_fin_year`),
  ADD KEY `em_branch_id` (`em_branch_id`),
  ADD KEY `em_created_by` (`em_created_by`),
  ADD KEY `em_updated_by` (`em_updated_by`),
  ADD KEY `em_gst_type` (`em_gst_type`),
  ADD KEY `em_bill_type` (`em_bill_type`),
  ADD KEY `em_om_id` (`em_om_id`),
  ADD KEY `em_biiling_id` (`em_biiling_id`);

--
-- Indexes for table `estimate_payment_mode_trans`
--
ALTER TABLE `estimate_payment_mode_trans`
  ADD PRIMARY KEY (`epmt_id`),
  ADD KEY `epmt_delete_status` (`epmt_delete_status`),
  ADD KEY `epmt_payment_mode_id` (`epmt_payment_mode_id`),
  ADD KEY `epmt_em_id` (`epmt_em_id`) USING BTREE,
  ADD KEY `epmt_created_by` (`epmt_created_by`),
  ADD KEY `epmt_updated_by` (`epmt_updated_by`),
  ADD KEY `epmt_em_uuid` (`epmt_em_uuid`);

--
-- Indexes for table `estimate_style_trans`
--
ALTER TABLE `estimate_style_trans`
  ADD PRIMARY KEY (`ost_id`),
  ADD KEY `ost_style_id` (`ost_style_id`),
  ADD KEY `ost_delete_status` (`ost_delete_status`),
  ADD KEY `ost_created_by` (`ost_created_by`),
  ADD KEY `ost_updated_by` (`ost_updated_by`),
  ADD KEY `ost_em_uuid` (`ost_em_uuid`),
  ADD KEY `ost_em_id` (`ost_em_id`),
  ADD KEY `ost_et_id` (`ost_et_id`),
  ADD KEY `ost_customer_id` (`ost_customer_id`),
  ADD KEY `ost_apparel_id` (`ost_apparel_id`);

--
-- Indexes for table `estimate_trans`
--
ALTER TABLE `estimate_trans`
  ADD PRIMARY KEY (`et_id`),
  ADD KEY `et_em_uuid` (`et_em_uuid`),
  ADD KEY `et_em_id` (`et_em_id`),
  ADD KEY `et_trans_type` (`et_trans_type`),
  ADD KEY `et_apparel_id` (`et_apparel_id`),
  ADD KEY `et_delete_status` (`et_delete_status`),
  ADD KEY `et_created_by` (`et_created_by`),
  ADD KEY `et_updated_by` (`et_updated_by`),
  ADD KEY `et_bm_id` (`et_bm_id`),
  ADD KEY `et_om_id` (`et_om_id`),
  ADD KEY `et_ot_id` (`et_ot_id`);

--
-- Indexes for table `fabric_master`
--
ALTER TABLE `fabric_master`
  ADD PRIMARY KEY (`fabric_id`),
  ADD UNIQUE KEY `fabric_name` (`fabric_name`),
  ADD KEY `fabric_status` (`fabric_status`),
  ADD KEY `fabric_created_by` (`fabric_created_by`),
  ADD KEY `fabric_updated_by` (`fabric_updated_by`);

--
-- Indexes for table `gender_master`
--
ALTER TABLE `gender_master`
  ADD PRIMARY KEY (`gender_id`),
  ADD UNIQUE KEY `gender_name` (`gender_name`),
  ADD KEY `gender_status` (`gender_status`),
  ADD KEY `gender_default` (`gender_default`),
  ADD KEY `gender_created_by` (`gender_created_by`),
  ADD KEY `gender_updated_by` (`gender_updated_by`);

--
-- Indexes for table `general_master`
--
ALTER TABLE `general_master`
  ADD PRIMARY KEY (`general_id`),
  ADD UNIQUE KEY `general_name` (`general_name`) USING BTREE,
  ADD KEY `general_city_id` (`general_city_id`),
  ADD KEY `general_state_id` (`general_state_id`),
  ADD KEY `general_country_id` (`general_country_id`),
  ADD KEY `general_status` (`general_status`),
  ADD KEY `general_group_id` (`general_group_id`),
  ADD KEY `general_constant` (`general_constant`);

--
-- Indexes for table `group_master`
--
ALTER TABLE `group_master`
  ADD PRIMARY KEY (`grp_id`),
  ADD UNIQUE KEY `grp_name` (`grp_name`),
  ADD KEY `grp_status` (`grp_status`),
  ADD KEY `grp_created_by` (`grp_created_by`),
  ADD KEY `grp_updated_by` (`grp_updated_by`);

--
-- Indexes for table `hisab_master`
--
ALTER TABLE `hisab_master`
  ADD PRIMARY KEY (`hm_id`),
  ADD UNIQUE KEY `hm_entry_no` (`hm_entry_no`,`hm_fin_year`,`hm_branch_id`,`hm_delete_status`) USING BTREE,
  ADD KEY `hm_uuid` (`hm_uuid`),
  ADD KEY `hm_karigar_id` (`hm_karigar_id`),
  ADD KEY `hm_delete_status` (`hm_delete_status`),
  ADD KEY `hm_fin_year` (`hm_fin_year`),
  ADD KEY `hm_branch_id` (`hm_branch_id`),
  ADD KEY `hm_created_by` (`hm_created_by`),
  ADD KEY `hm_updated_by` (`hm_updated_by`) USING BTREE,
  ADD KEY `hm_is_paid` (`hm_is_paid`);

--
-- Indexes for table `hisab_trans`
--
ALTER TABLE `hisab_trans`
  ADD PRIMARY KEY (`ht_id`),
  ADD KEY `ht_hm_id` (`ht_hm_id`),
  ADD KEY `ht_jim_id` (`ht_jim_id`),
  ADD KEY `ht_delete_status` (`ht_delete_status`),
  ADD KEY `ht_created_by` (`ht_created_by`),
  ADD KEY `ht_updated_by` (`ht_updated_by`),
  ADD KEY `ht_apparel_id` (`ht_apparel_id`);

--
-- Indexes for table `hsn_master`
--
ALTER TABLE `hsn_master`
  ADD PRIMARY KEY (`hsn_id`),
  ADD UNIQUE KEY `hsn_name` (`hsn_name`),
  ADD KEY `hsn_status` (`hsn_status`),
  ADD KEY `hsn_default` (`hsn_default`),
  ADD KEY `hsn_created_by` (`hsn_created_by`),
  ADD KEY `hsn_updated_by` (`hsn_updated_by`);

--
-- Indexes for table `job_issue_master`
--
ALTER TABLE `job_issue_master`
  ADD PRIMARY KEY (`jim_id`),
  ADD UNIQUE KEY `jim_entry_no` (`jim_entry_no`,`jim_fin_year`,`jim_delete_status`) USING BTREE,
  ADD KEY `jim_proces_id` (`jim_proces_id`) USING BTREE,
  ADD KEY `jim_karigar_id` (`jim_karigar_id`) USING BTREE,
  ADD KEY `jim_created_by` (`jim_created_by`) USING BTREE,
  ADD KEY `jim_updated_by` (`jim_updated_by`) USING BTREE,
  ADD KEY `jim_fin_year` (`jim_fin_year`) USING BTREE,
  ADD KEY `jim_delete_status` (`jim_delete_status`) USING BTREE;

--
-- Indexes for table `job_issue_trans`
--
ALTER TABLE `job_issue_trans`
  ADD PRIMARY KEY (`jit_id`),
  ADD KEY `jit_created_by` (`jit_created_by`),
  ADD KEY `jit_updated_by` (`jit_updated_by`),
  ADD KEY `jit_delete_status` (`jit_delete_status`),
  ADD KEY `jit_jim_id` (`jit_jim_id`),
  ADD KEY `jit_obt_id` (`jit_obt_id`),
  ADD KEY `jit_jim_uuid` (`jit_jim_uuid`),
  ADD KEY `jit_apparel_group` (`jit_apparel_group`);

--
-- Indexes for table `job_receive_master`
--
ALTER TABLE `job_receive_master`
  ADD PRIMARY KEY (`jrm_id`),
  ADD UNIQUE KEY `jrm_entry_no` (`jrm_entry_no`,`jrm_fin_year`,`jrm_delete_status`) USING BTREE,
  ADD KEY `jrm_created_by` (`jrm_created_by`) USING BTREE,
  ADD KEY `jrm_updated_by` (`jrm_updated_by`) USING BTREE,
  ADD KEY `jrm_fin_year` (`jrm_fin_year`) USING BTREE,
  ADD KEY `jrm_delete_status` (`jrm_delete_status`) USING BTREE;

--
-- Indexes for table `job_receive_trans`
--
ALTER TABLE `job_receive_trans`
  ADD PRIMARY KEY (`jrt_id`),
  ADD KEY `jrt_created_by` (`jrt_created_by`),
  ADD KEY `jrt_updated_by` (`jrt_updated_by`),
  ADD KEY `jrt_delete_status` (`jrt_delete_status`),
  ADD KEY `jrt_jrm_id` (`jrt_jrm_id`),
  ADD KEY `jrt_obt_id` (`jrt_obt_id`),
  ADD KEY `jrt_jrm_uuid` (`jrt_jrm_uuid`),
  ADD KEY `jrt_jit_id` (`jrt_jit_id`),
  ADD KEY `jrt_jim_id` (`jrt_jim_id`);

--
-- Indexes for table `karigar_apparel_trans`
--
ALTER TABLE `karigar_apparel_trans`
  ADD PRIMARY KEY (`kapt_id`),
  ADD KEY `kapt_karigar_id` (`kapt_karigar_id`),
  ADD KEY `kapt_apparel_id` (`kapt_apparel_id`);

--
-- Indexes for table `karigar_attachment_trans`
--
ALTER TABLE `karigar_attachment_trans`
  ADD PRIMARY KEY (`kat_id`),
  ADD KEY `kat_karigar_id` (`kat_karigar_id`),
  ADD KEY `kat_created_by` (`kat_created_by`),
  ADD KEY `kat_updated_by` (`kat_updated_by`);

--
-- Indexes for table `karigar_master`
--
ALTER TABLE `karigar_master`
  ADD PRIMARY KEY (`karigar_id`),
  ADD UNIQUE KEY `karigar_code` (`karigar_code`),
  ADD KEY `karigar_status` (`karigar_status`),
  ADD KEY `karigar_created_by` (`karigar_created_by`),
  ADD KEY `karigar_updated_by` (`karigar_updated_by`),
  ADD KEY `karigar_city_id` (`karigar_city_id`),
  ADD KEY `karigar_state_id` (`karigar_state_id`),
  ADD KEY `karigar_country_id` (`karigar_country_id`);

--
-- Indexes for table `karigar_proces_trans`
--
ALTER TABLE `karigar_proces_trans`
  ADD PRIMARY KEY (`kpt_id`),
  ADD KEY `kpt_karigar_id` (`kpt_karigar_id`),
  ADD KEY `kpt_proces_id` (`kpt_proces_id`);

--
-- Indexes for table `measurement_master`
--
ALTER TABLE `measurement_master`
  ADD PRIMARY KEY (`measurement_id`);

--
-- Indexes for table `measurement_setting_master`
--
ALTER TABLE `measurement_setting_master`
  ADD PRIMARY KEY (`measurement_setting_id`);

--
-- Indexes for table `menu_action_role_trans`
--
ALTER TABLE `menu_action_role_trans`
  ADD PRIMARY KEY (`mart_id`),
  ADD KEY `mart_role_id` (`mart_role_id`),
  ADD KEY `mart_mat_id` (`mart_mat_id`);

--
-- Indexes for table `menu_action_trans`
--
ALTER TABLE `menu_action_trans`
  ADD PRIMARY KEY (`mat_id`),
  ADD KEY `mat_mt_id` (`mat_mt_id`),
  ADD KEY `mat_menu_id` (`mat_menu_id`),
  ADD KEY `mat_type` (`mat_type`);

--
-- Indexes for table `menu_action_user_trans`
--
ALTER TABLE `menu_action_user_trans`
  ADD PRIMARY KEY (`maut_id`),
  ADD KEY `maut_user_id` (`maut_user_id`),
  ADD KEY `maut_mat_id` (`maut_mat_id`);

--
-- Indexes for table `menu_master`
--
ALTER TABLE `menu_master`
  ADD PRIMARY KEY (`menu_id`),
  ADD UNIQUE KEY `menu_js` (`menu_js`),
  ADD KEY `menu_created_by` (`menu_created_by`),
  ADD KEY `menu_updated_by` (`menu_updated_by`);

--
-- Indexes for table `menu_trans`
--
ALTER TABLE `menu_trans`
  ADD PRIMARY KEY (`mt_id`),
  ADD UNIQUE KEY `mt_js` (`mt_js`),
  ADD KEY `mt_menu_id` (`mt_menu_id`),
  ADD KEY `mt_type` (`mt_type`),
  ADD KEY `mt_position` (`mt_position`);

--
-- Indexes for table `order_barcode_trans`
--
ALTER TABLE `order_barcode_trans`
  ADD PRIMARY KEY (`obt_id`),
  ADD UNIQUE KEY `obt_item_code` (`obt_item_code`,`obt_branch_id`) USING BTREE,
  ADD UNIQUE KEY `obt_roll_no` (`obt_roll_no`) USING BTREE,
  ADD KEY `obt_counter` (`obt_counter`),
  ADD KEY `obt_delete_status` (`obt_delete_status`),
  ADD KEY `obt_branch_id` (`obt_branch_id`),
  ADD KEY `obt_fin_year` (`obt_fin_year`),
  ADD KEY `obt_om_id` (`obt_om_id`),
  ADD KEY `obt_ot_id` (`obt_ot_id`),
  ADD KEY `obt_item_id` (`obt_apparel_id`) USING BTREE,
  ADD KEY `obt_created_by` (`obt_created_by`),
  ADD KEY `obt_updated_by` (`obt_updated_by`),
  ADD KEY `obt_em_id` (`obt_em_id`),
  ADD KEY `obt_et_id` (`obt_et_id`),
  ADD KEY `obt_apparel_id1` (`obt_apparel_id1`);

--
-- Indexes for table `order_maap_trans`
--
ALTER TABLE `order_maap_trans`
  ADD PRIMARY KEY (`omt_id`),
  ADD KEY `omt_maap_id` (`omt_maap_id`),
  ADD KEY `omt_delete_status` (`omt_delete_status`),
  ADD KEY `omt_created_by` (`omt_created_by`),
  ADD KEY `omt_updated_by` (`omt_updated_by`),
  ADD KEY `omt_om_uuid` (`omt_om_uuid`),
  ADD KEY `omt_om_id` (`omt_om_id`),
  ADD KEY `omt_ot_id` (`omt_ot_id`),
  ADD KEY `omt_customer_id` (`omt_customer_id`),
  ADD KEY `omt_apparel_id` (`omt_apparel_id`);

--
-- Indexes for table `order_master`
--
ALTER TABLE `order_master`
  ADD PRIMARY KEY (`om_id`),
  ADD KEY `om_uuid` (`om_uuid`),
  ADD KEY `om_customer_id` (`om_customer_id`),
  ADD KEY `om_delete_status` (`om_delete_status`),
  ADD KEY `om_fin_year` (`om_fin_year`),
  ADD KEY `om_branch_id` (`om_branch_id`),
  ADD KEY `om_created_by` (`om_created_by`),
  ADD KEY `om_updated_by` (`om_updated_by`),
  ADD KEY `om_gst_type` (`om_gst_type`),
  ADD KEY `om_bill_type` (`om_bill_type`),
  ADD KEY `om_billing_id` (`om_billing_id`),
  ADD KEY `om_em_entry_no` (`om_em_entry_no`),
  ADD KEY `om_entry_no` (`om_entry_no`,`om_fin_year`,`om_branch_id`,`om_delete_status`) USING BTREE,
  ADD KEY `om_master_id` (`om_master_id`);

--
-- Indexes for table `order_payment_mode_trans`
--
ALTER TABLE `order_payment_mode_trans`
  ADD PRIMARY KEY (`opmt_id`),
  ADD KEY `opmt_delete_status` (`opmt_delete_status`),
  ADD KEY `opmt_payment_mode_id` (`opmt_payment_mode_id`),
  ADD KEY `opmt_om_id` (`opmt_om_id`) USING BTREE,
  ADD KEY `opmt_created_by` (`opmt_created_by`),
  ADD KEY `opmt_updated_by` (`opmt_updated_by`),
  ADD KEY `opmt_om_uuid` (`opmt_om_uuid`);

--
-- Indexes for table `order_style_trans`
--
ALTER TABLE `order_style_trans`
  ADD PRIMARY KEY (`ost_id`),
  ADD KEY `ost_style_id` (`ost_style_id`),
  ADD KEY `ost_delete_status` (`ost_delete_status`),
  ADD KEY `ost_created_by` (`ost_created_by`),
  ADD KEY `ost_updated_by` (`ost_updated_by`),
  ADD KEY `ost_om_uuid` (`ost_om_uuid`),
  ADD KEY `ost_om_id` (`ost_om_id`),
  ADD KEY `ost_ot_id` (`ost_ot_id`),
  ADD KEY `ost_customer_id` (`ost_customer_id`),
  ADD KEY `ost_apparel_id` (`ost_apparel_id`);

--
-- Indexes for table `order_trans`
--
ALTER TABLE `order_trans`
  ADD PRIMARY KEY (`ot_id`),
  ADD KEY `ot_om_uuid` (`ot_om_uuid`),
  ADD KEY `ot_om_id` (`ot_om_id`),
  ADD KEY `ot_trans_type` (`ot_trans_type`),
  ADD KEY `ot_apparel_id` (`ot_apparel_id`),
  ADD KEY `ot_delete_status` (`ot_delete_status`),
  ADD KEY `ot_created_by` (`ot_created_by`),
  ADD KEY `ot_updated_by` (`ot_updated_by`),
  ADD KEY `ot_bm_id` (`ot_bm_id`),
  ADD KEY `ot_em_id` (`ot_em_id`),
  ADD KEY `ot_et_id` (`ot_et_id`);

--
-- Indexes for table `other_master`
--
ALTER TABLE `other_master`
  ADD PRIMARY KEY (`other_id`),
  ADD UNIQUE KEY `other_name` (`other_name`),
  ADD KEY `other_status` (`other_status`),
  ADD KEY `other_default` (`other_default`),
  ADD KEY `other_created_by` (`other_created_by`),
  ADD KEY `other_updated_by` (`other_updated_by`);

--
-- Indexes for table `payment_hisab_trans`
--
ALTER TABLE `payment_hisab_trans`
  ADD PRIMARY KEY (`pht_id`),
  ADD KEY `pht_payment_uuid` (`pht_payment_uuid`),
  ADD KEY `pht_payment_id` (`pht_payment_id`),
  ADD KEY `pht_delete_status` (`pht_delete_status`),
  ADD KEY `pht_created_by` (`pht_created_by`),
  ADD KEY `pht_updated_by` (`pht_updated_by`),
  ADD KEY `pht_hm_id` (`pht_hm_id`);

--
-- Indexes for table `payment_karigar_master`
--
ALTER TABLE `payment_karigar_master`
  ADD PRIMARY KEY (`payment_id`),
  ADD UNIQUE KEY `payment_uuid` (`payment_uuid`),
  ADD UNIQUE KEY `payment_entry_no` (`payment_entry_no`,`payment_delete_status`,`payment_fin_year`,`payment_branch_id`) USING BTREE,
  ADD KEY `payment_customer_id` (`payment_karigar_id`),
  ADD KEY `payment_adjust_status` (`payment_adjust_status`),
  ADD KEY `payment_delete_status` (`payment_delete_status`),
  ADD KEY `payment_fin_year` (`payment_fin_year`),
  ADD KEY `payment_branch_id` (`payment_branch_id`),
  ADD KEY `payment_created_by` (`payment_created_by`),
  ADD KEY `payment_updated_by` (`payment_updated_by`),
  ADD KEY `payment_gst_type` (`payment_gst_type`);

--
-- Indexes for table `payment_karigar_payment_mode_trans`
--
ALTER TABLE `payment_karigar_payment_mode_trans`
  ADD PRIMARY KEY (`pkpmt_id`),
  ADD KEY `pkpmt_created_by` (`pkpmt_created_by`) USING BTREE,
  ADD KEY `pkpmt_updated_by` (`pkpmt_updated_by`) USING BTREE,
  ADD KEY `pkpmt_payment_mode_id` (`pkpmt_payment_mode_id`) USING BTREE,
  ADD KEY `pkpmt_payment_id` (`pkpmt_payment_id`) USING BTREE,
  ADD KEY `pkpmt_payment_uuid` (`pkpmt_payment_uuid`) USING BTREE;

--
-- Indexes for table `payment_master`
--
ALTER TABLE `payment_master`
  ADD PRIMARY KEY (`payment_id`),
  ADD UNIQUE KEY `payment_uuid` (`payment_uuid`),
  ADD UNIQUE KEY `payment_entry_no` (`payment_entry_no`,`payment_delete_status`,`payment_fin_year`,`payment_branch_id`) USING BTREE,
  ADD KEY `payment_customer_id` (`payment_supplier_id`),
  ADD KEY `payment_adjust_status` (`payment_adjust_status`),
  ADD KEY `payment_delete_status` (`payment_delete_status`),
  ADD KEY `payment_fin_year` (`payment_fin_year`),
  ADD KEY `payment_branch_id` (`payment_branch_id`),
  ADD KEY `payment_created_by` (`payment_created_by`),
  ADD KEY `payment_updated_by` (`payment_updated_by`),
  ADD KEY `payment_gst_type` (`payment_gst_type`);

--
-- Indexes for table `payment_mode_master`
--
ALTER TABLE `payment_mode_master`
  ADD PRIMARY KEY (`payment_mode_id`),
  ADD UNIQUE KEY `payment_mode_name` (`payment_mode_name`),
  ADD KEY `payment_mode_status` (`payment_mode_status`),
  ADD KEY `payment_mode_default` (`payment_mode_default`),
  ADD KEY `payment_mode_created_by` (`payment_mode_created_by`),
  ADD KEY `payment_mode_updated_by` (`payment_mode_updated_by`);

--
-- Indexes for table `payment_payment_mode_trans`
--
ALTER TABLE `payment_payment_mode_trans`
  ADD PRIMARY KEY (`ppmt_id`),
  ADD KEY `ppmt_created_by` (`ppmt_created_by`) USING BTREE,
  ADD KEY `ppmt_updated_by` (`ppmt_updated_by`) USING BTREE,
  ADD KEY `ppmt_payment_mode_id` (`ppmt_payment_mode_id`) USING BTREE,
  ADD KEY `ppmt_payment_id` (`ppmt_payment_id`) USING BTREE,
  ADD KEY `ppmt_payment_uuid` (`ppmt_payment_uuid`) USING BTREE;

--
-- Indexes for table `payment_purchase_readymade_trans`
--
ALTER TABLE `payment_purchase_readymade_trans`
  ADD PRIMARY KEY (`pprt_id`),
  ADD KEY `pprt_payment_uuid` (`pprt_payment_uuid`),
  ADD KEY `pprt_payment_id` (`pprt_payment_id`),
  ADD KEY `pprt_prmm_id` (`pprt_prmm_id`),
  ADD KEY `pprt_delete_status` (`pprt_delete_status`),
  ADD KEY `pprt_created_by` (`pprt_created_by`),
  ADD KEY `pprt_updated_by` (`pprt_updated_by`);

--
-- Indexes for table `payment_purchase_trans`
--
ALTER TABLE `payment_purchase_trans`
  ADD PRIMARY KEY (`ppt_id`),
  ADD KEY `ppt_payment_uuid` (`ppt_payment_uuid`),
  ADD KEY `ppt_payment_id` (`ppt_payment_id`),
  ADD KEY `ppt_om_id` (`ppt_om_id`),
  ADD KEY `ppt_delete_status` (`ppt_delete_status`),
  ADD KEY `ppt_created_by` (`ppt_created_by`),
  ADD KEY `ppt_updated_by` (`ppt_updated_by`),
  ADD KEY `ppt_pm_id` (`ppt_pm_id`,`ppt_pt_id`);

--
-- Indexes for table `proces_master`
--
ALTER TABLE `proces_master`
  ADD PRIMARY KEY (`proces_id`),
  ADD UNIQUE KEY `proces_name` (`proces_name`),
  ADD KEY `proces_status` (`proces_status`),
  ADD KEY `proces_default` (`proces_default`),
  ADD KEY `proces_created_by` (`proces_created_by`),
  ADD KEY `proces_updated_by` (`proces_updated_by`);

--
-- Indexes for table `product_master`
--
ALTER TABLE `product_master`
  ADD PRIMARY KEY (`product_id`),
  ADD KEY `product_category_id` (`product_category_id`),
  ADD KEY `product_type_id` (`product_type_id`),
  ADD KEY `product_group_id` (`product_group_id`),
  ADD KEY `product_created_by` (`product_created_by`),
  ADD KEY `product_default` (`product_default`),
  ADD KEY `product_updated_by` (`product_updated_by`),
  ADD KEY `product_deleted_by` (`product_deleted_by`),
  ADD KEY `product_status` (`product_status`);

--
-- Indexes for table `purchase_master`
--
ALTER TABLE `purchase_master`
  ADD PRIMARY KEY (`pm_id`),
  ADD UNIQUE KEY `pm_uuid` (`pm_uuid`),
  ADD UNIQUE KEY `pm_entry_no` (`pm_entry_no`,`pm_fin_year`,`pm_branch_id`,`pm_delete_status`) USING BTREE,
  ADD KEY `pm_delete_status` (`pm_delete_status`),
  ADD KEY `pm_fin_year` (`pm_fin_year`),
  ADD KEY `pm_branch_id` (`pm_branch_id`),
  ADD KEY `pm_created_by` (`pm_created_by`),
  ADD KEY `pm_updated_by` (`pm_updated_by`),
  ADD KEY `pm_supplier_id` (`pm_supplier_id`) USING BTREE,
  ADD KEY `pm_gst_type` (`pm_gst_type`);

--
-- Indexes for table `purchase_readymade_master`
--
ALTER TABLE `purchase_readymade_master`
  ADD PRIMARY KEY (`prmm_id`),
  ADD UNIQUE KEY `prmm_uuid` (`prmm_uuid`),
  ADD UNIQUE KEY `prmm_entry_no` (`prmm_entry_no`,`prmm_fin_year`,`prmm_branch_id`,`prmm_delete_status`) USING BTREE,
  ADD KEY `prmm_delete_status` (`prmm_delete_status`),
  ADD KEY `prmm_fin_year` (`prmm_fin_year`),
  ADD KEY `prmm_branch_id` (`prmm_branch_id`),
  ADD KEY `prmm_created_by` (`prmm_created_by`),
  ADD KEY `prmm_updated_by` (`prmm_updated_by`),
  ADD KEY `prmm_supplier_id` (`prmm_supplier_id`) USING BTREE,
  ADD KEY `prmm_gst_type` (`prmm_gst_type`);

--
-- Indexes for table `purchase_readymade_return_master`
--
ALTER TABLE `purchase_readymade_return_master`
  ADD PRIMARY KEY (`prrm_id`),
  ADD UNIQUE KEY `prrm_entry_no` (`prrm_entry_no`,`prrm_fin_year`,`prrm_branch_id`,`prrm_delete_status`) USING BTREE,
  ADD KEY `prrm_uuid` (`prrm_uuid`),
  ADD KEY `prrm_supplier_id` (`prrm_supplier_id`),
  ADD KEY `prrm_delete_status` (`prrm_delete_status`),
  ADD KEY `prrm_fin_year` (`prrm_fin_year`),
  ADD KEY `prrm_branch_id` (`prrm_branch_id`),
  ADD KEY `prrm_created_by` (`prrm_created_by`),
  ADD KEY `prrm_updated_by` (`prrm_updated_by`);

--
-- Indexes for table `purchase_readymade_return_trans`
--
ALTER TABLE `purchase_readymade_return_trans`
  ADD PRIMARY KEY (`prrt_id`),
  ADD KEY `prrt_prrm_id` (`prrt_prrm_id`),
  ADD KEY `prrt_pm_id` (`prrt_prmm_id`),
  ADD KEY `prrt_pt_id` (`prrt_prmt_id`),
  ADD KEY `prrt_created_by` (`prrt_created_by`),
  ADD KEY `prrt_updated_by` (`prrt_updated_by`),
  ADD KEY `prrt_delete_status` (`prrt_delete_status`),
  ADD KEY `prrt_brmm_id` (`prrt_brmm_id`) USING BTREE;

--
-- Indexes for table `purchase_readymade_trans`
--
ALTER TABLE `purchase_readymade_trans`
  ADD PRIMARY KEY (`prmt_id`),
  ADD KEY `prmt_prmm_id` (`prmt_prmm_id`),
  ADD KEY `prmt_delete_status` (`prmt_delete_status`),
  ADD KEY `prmt_created_by` (`prmt_created_by`),
  ADD KEY `prmt_updated_by` (`prmt_updated_by`),
  ADD KEY `prmt_prmm_uuid` (`prmt_prmm_uuid`),
  ADD KEY `prmt_design_id` (`prmt_design_id`),
  ADD KEY `prmt_color_id` (`prmt_color_id`),
  ADD KEY `prmt_readymade_category_id` (`prmt_readymade_category_id`) USING BTREE,
  ADD KEY `prmt_size_id` (`prmt_size_id`) USING BTREE,
  ADD KEY `prmt_gender_id` (`prmt_gender_id`) USING BTREE,
  ADD KEY `prmt_product_id` (`prmt_product_id`);

--
-- Indexes for table `purchase_return_master`
--
ALTER TABLE `purchase_return_master`
  ADD PRIMARY KEY (`prm_id`),
  ADD UNIQUE KEY `prm_entry_no` (`prm_entry_no`,`prm_fin_year`,`prm_branch_id`,`prm_delete_status`) USING BTREE,
  ADD KEY `prm_uuid` (`prm_uuid`),
  ADD KEY `prm_supplier_id` (`prm_supplier_id`),
  ADD KEY `prm_delete_status` (`prm_delete_status`),
  ADD KEY `prm_fin_year` (`prm_fin_year`),
  ADD KEY `prm_branch_id` (`prm_branch_id`),
  ADD KEY `prm_created_by` (`prm_created_by`),
  ADD KEY `prm_updated_by` (`prm_updated_by`);

--
-- Indexes for table `purchase_return_trans`
--
ALTER TABLE `purchase_return_trans`
  ADD PRIMARY KEY (`prt_id`),
  ADD KEY `prt_prm_id` (`prt_prm_id`),
  ADD KEY `prt_pm_id` (`prt_pm_id`),
  ADD KEY `prt_pt_id` (`prt_pt_id`),
  ADD KEY `prt_bm_id` (`prt_bm_id`),
  ADD KEY `prt_created_by` (`prt_created_by`),
  ADD KEY `prt_updated_by` (`prt_updated_by`),
  ADD KEY `prt_delete_status` (`prt_delete_status`);

--
-- Indexes for table `purchase_trans`
--
ALTER TABLE `purchase_trans`
  ADD PRIMARY KEY (`pt_id`),
  ADD KEY `pt_pm_id` (`pt_pm_id`),
  ADD KEY `pt_delete_status` (`pt_delete_status`),
  ADD KEY `pt_created_by` (`pt_created_by`),
  ADD KEY `pt_updated_by` (`pt_updated_by`),
  ADD KEY `pt_pm_uuid` (`pt_pm_uuid`),
  ADD KEY `pt_fabric_id` (`pt_fabric_id`),
  ADD KEY `pt_design_id` (`pt_design_id`),
  ADD KEY `pt_color_id` (`pt_color_id`),
  ADD KEY `pt_hsn_id` (`pt_hsn_id`),
  ADD KEY `pt_width_id` (`pt_width_id`),
  ADD KEY `pt_category_id` (`pt_category_id`);

--
-- Indexes for table `readymade_category_master`
--
ALTER TABLE `readymade_category_master`
  ADD PRIMARY KEY (`readymade_category_id`),
  ADD UNIQUE KEY `readymade_category_name` (`readymade_category_name`),
  ADD KEY `readymade_category_status` (`readymade_category_status`),
  ADD KEY `readymade_category_default` (`readymade_category_default`),
  ADD KEY `readymade_category_created_by` (`readymade_category_created_by`),
  ADD KEY `readymade_category_updated_by` (`readymade_category_updated_by`);

--
-- Indexes for table `receipt_master`
--
ALTER TABLE `receipt_master`
  ADD PRIMARY KEY (`receipt_id`),
  ADD UNIQUE KEY `receipt_uuid` (`receipt_uuid`),
  ADD UNIQUE KEY `receipt_entry_no` (`receipt_entry_no`,`receipt_delete_status`,`receipt_fin_year`,`receipt_branch_id`) USING BTREE,
  ADD KEY `receipt_customer_id` (`receipt_customer_id`),
  ADD KEY `receipt_adjust_status` (`receipt_adjust_status`),
  ADD KEY `receipt_delete_status` (`receipt_delete_status`),
  ADD KEY `receipt_fin_year` (`receipt_fin_year`),
  ADD KEY `receipt_branch_id` (`receipt_branch_id`),
  ADD KEY `receipt_created_by` (`receipt_created_by`),
  ADD KEY `receipt_updated_by` (`receipt_updated_by`),
  ADD KEY `receipt_gst_type` (`receipt_gst_type`);

--
-- Indexes for table `receipt_order_trans`
--
ALTER TABLE `receipt_order_trans`
  ADD PRIMARY KEY (`rot_id`),
  ADD KEY `rot_receipt_uuid` (`rot_receipt_uuid`),
  ADD KEY `rot_receipt_id` (`rot_receipt_id`),
  ADD KEY `rot_om_id` (`rot_om_id`),
  ADD KEY `rot_delete_status` (`rot_delete_status`),
  ADD KEY `rot_created_by` (`rot_created_by`),
  ADD KEY `rot_updated_by` (`rot_updated_by`);

--
-- Indexes for table `receipt_payment_mode_trans`
--
ALTER TABLE `receipt_payment_mode_trans`
  ADD PRIMARY KEY (`rpmt_id`),
  ADD KEY `rpmt_created_by` (`rpmt_created_by`) USING BTREE,
  ADD KEY `rpmt_updated_by` (`rpmt_updated_by`) USING BTREE,
  ADD KEY `rpmt_payment_mode_id` (`rpmt_payment_mode_id`) USING BTREE,
  ADD KEY `rpmt_receipt_id` (`rpmt_receipt_id`) USING BTREE,
  ADD KEY `rpmt_receipt_uuid` (`rpmt_receipt_uuid`) USING BTREE;

--
-- Indexes for table `role_master`
--
ALTER TABLE `role_master`
  ADD PRIMARY KEY (`role_id`),
  ADD UNIQUE KEY `role_name` (`role_name`),
  ADD KEY `role_status` (`role_status`),
  ADD KEY `role_created_by` (`role_created_by`),
  ADD KEY `role_updated_by` (`role_updated_by`),
  ADD KEY `role_default` (`role_default`);

--
-- Indexes for table `size_master`
--
ALTER TABLE `size_master`
  ADD PRIMARY KEY (`size_id`),
  ADD UNIQUE KEY `size_name` (`size_name`),
  ADD KEY `size_gender_id` (`size_gender_id`),
  ADD KEY `size_status` (`size_status`),
  ADD KEY `size_default` (`size_default`),
  ADD KEY `size_created_by` (`size_created_by`),
  ADD KEY `size_updated_by` (`size_updated_by`);

--
-- Indexes for table `sku_design_trans`
--
ALTER TABLE `sku_design_trans`
  ADD PRIMARY KEY (`sdt_id`),
  ADD KEY `sdt_sku_id` (`sdt_sku_id`),
  ADD KEY `sdt_sku_uuid` (`sdt_sku_uuid`),
  ADD KEY `sdt_design_id` (`sdt_design_id`),
  ADD KEY `sdt_delete_status` (`sdt_delete_status`),
  ADD KEY `sdt_created_by` (`sdt_created_by`),
  ADD KEY `sdt_updated_by` (`sdt_updated_by`),
  ADD KEY `sdt_bm_id` (`sdt_bm_id`);

--
-- Indexes for table `sku_dying_trans`
--
ALTER TABLE `sku_dying_trans`
  ADD PRIMARY KEY (`sdyt_id`),
  ADD KEY `sdyt_sku_id` (`sdyt_sku_id`),
  ADD KEY `sdyt_sku_uuid` (`sdyt_sku_uuid`),
  ADD KEY `sdyt_dying_id` (`sdyt_dying_id`),
  ADD KEY `sdyt_delete_status` (`sdyt_delete_status`),
  ADD KEY `sdyt_created_by` (`sdyt_created_by`),
  ADD KEY `sdyt_updated_by` (`sdyt_updated_by`);

--
-- Indexes for table `sku_embroidery_trans`
--
ALTER TABLE `sku_embroidery_trans`
  ADD PRIMARY KEY (`set_id`),
  ADD KEY `set_sku_id` (`set_sku_id`),
  ADD KEY `set_sku_uuid` (`set_sku_uuid`),
  ADD KEY `set_embroidery_id` (`set_embroidery_id`),
  ADD KEY `set_delete_status` (`set_delete_status`),
  ADD KEY `set_created_by` (`set_created_by`),
  ADD KEY `set_updated_by` (`set_updated_by`);

--
-- Indexes for table `sku_image_trans`
--
ALTER TABLE `sku_image_trans`
  ADD PRIMARY KEY (`sit_id`),
  ADD KEY `sit_sku_id` (`sit_sku_id`),
  ADD KEY `sit_delete_status` (`sit_delete_status`);

--
-- Indexes for table `sku_karigar_trans`
--
ALTER TABLE `sku_karigar_trans`
  ADD PRIMARY KEY (`skt_id`),
  ADD KEY `skt_sku_id` (`skt_sku_id`),
  ADD KEY `skt_sku_uuid` (`skt_sku_uuid`),
  ADD KEY `skt_karigar_id` (`skt_karigar_id`),
  ADD KEY `skt_apparel_id` (`skt_apparel_id`),
  ADD KEY `skt_delete_status` (`skt_delete_status`),
  ADD KEY `skt_created_by` (`skt_created_by`),
  ADD KEY `skt_updated_by` (`skt_updated_by`);

--
-- Indexes for table `sku_master`
--
ALTER TABLE `sku_master`
  ADD PRIMARY KEY (`sku_id`),
  ADD UNIQUE KEY `sku_uuid` (`sku_uuid`),
  ADD UNIQUE KEY `sku_name` (`sku_name`,`sku_delete_status`) USING BTREE,
  ADD KEY `sku_status` (`sku_status`),
  ADD KEY `sku_created_by` (`sku_created_by`),
  ADD KEY `sku_updated_by` (`sku_updated_by`),
  ADD KEY `sku_default` (`sku_default`),
  ADD KEY `sku_apparel_id` (`sku_apparel_id`) USING BTREE,
  ADD KEY `sku_color_id` (`sku_color_id`),
  ADD KEY `sku_delete_status` (`sku_delete_status`);

--
-- Indexes for table `sku_other_trans`
--
ALTER TABLE `sku_other_trans`
  ADD PRIMARY KEY (`sot_id`),
  ADD KEY `sot_sku_id` (`sot_sku_id`),
  ADD KEY `sot_sku_uuid` (`sot_sku_uuid`),
  ADD KEY `sot_other_id` (`sot_other_id`),
  ADD KEY `sot_delete_status` (`sot_delete_status`),
  ADD KEY `sot_created_by` (`sot_created_by`),
  ADD KEY `sot_updated_by` (`sot_updated_by`);

--
-- Indexes for table `state_master`
--
ALTER TABLE `state_master`
  ADD PRIMARY KEY (`state_id`),
  ADD UNIQUE KEY `state_name` (`state_name`,`state_country_id`),
  ADD KEY `state_status` (`state_status`),
  ADD KEY `state_default` (`state_default`),
  ADD KEY `state_deleted_by` (`state_deleted_by`),
  ADD KEY `state_code` (`state_code`);

--
-- Indexes for table `style_master`
--
ALTER TABLE `style_master`
  ADD PRIMARY KEY (`style_id`),
  ADD KEY `style_parameter_status` (`style_status`),
  ADD KEY `style_parameter_default` (`style_default`),
  ADD KEY `style_parameter_created_by` (`style_created_by`),
  ADD KEY `style_parameter_updated_by` (`style_updated_by`),
  ADD KEY `style_deleted_by` (`style_deleted_by`),
  ADD KEY `style_name` (`style_name`) USING BTREE,
  ADD KEY `style_group` (`style_group`) USING BTREE;

--
-- Indexes for table `style_priority_master`
--
ALTER TABLE `style_priority_master`
  ADD PRIMARY KEY (`spm_id`),
  ADD UNIQUE KEY `spm_uuid` (`spm_uuid`),
  ADD UNIQUE KEY `spm_apparel_id` (`spm_apparel_id`),
  ADD KEY `spm_status` (`spm_status`),
  ADD KEY `spm_created_by` (`spm_created_by`),
  ADD KEY `spm_updated_by` (`spm_updated_by`),
  ADD KEY `spm_default` (`spm_default`),
  ADD KEY `spm_delete_status` (`spm_delete_status`);

--
-- Indexes for table `style_priority_trans`
--
ALTER TABLE `style_priority_trans`
  ADD PRIMARY KEY (`spt_id`),
  ADD KEY `spt_spm_id` (`spt_spm_id`),
  ADD KEY `spt_delete_status` (`spt_delete_status`),
  ADD KEY `spt_created_by` (`spt_created_by`),
  ADD KEY `spt_updated_by` (`spt_updated_by`),
  ADD KEY `spt_uuid` (`spt_uuid`);

--
-- Indexes for table `style_setting_master`
--
ALTER TABLE `style_setting_master`
  ADD PRIMARY KEY (`style_setting_id`),
  ADD KEY `style_setting_apparel_id` (`style_setting_apparel_id`),
  ADD KEY `style_setting_style_id` (`style_setting_style_id`),
  ADD KEY `style_setting_created_by` (`style_setting_created_by`),
  ADD KEY `style_setting_updated_by` (`style_setting_updated_by`),
  ADD KEY `style_setting_deleted_by` (`style_setting_deleted_by`),
  ADD KEY `style_setting_status` (`style_setting_status`),
  ADD KEY `style_setting_default` (`style_setting_default`);

--
-- Indexes for table `supplier_master`
--
ALTER TABLE `supplier_master`
  ADD PRIMARY KEY (`supplier_id`),
  ADD UNIQUE KEY `supplier_name` (`supplier_name`),
  ADD KEY `supplier_status` (`supplier_status`),
  ADD KEY `supplier_created_by` (`supplier_created_by`),
  ADD KEY `supplier_updated_by` (`supplier_updated_by`),
  ADD KEY `supplier_constant` (`supplier_constant`),
  ADD KEY `supplier_city_id` (`supplier_city_id`) USING BTREE,
  ADD KEY `supplier_state_id` (`supplier_state_id`),
  ADD KEY `supplier_country_id` (`supplier_country_id`);

--
-- Indexes for table `theme_master`
--
ALTER TABLE `theme_master`
  ADD PRIMARY KEY (`theme_id`),
  ADD UNIQUE KEY `theme_name` (`theme_name`),
  ADD KEY `theme_created_by` (`theme_created_by`),
  ADD KEY `theme_update_by` (`theme_updated_by`),
  ADD KEY `theme_status` (`theme_status`);

--
-- Indexes for table `theme_trans`
--
ALTER TABLE `theme_trans`
  ADD PRIMARY KEY (`tt_id`),
  ADD KEY `tt_theme_id` (`tt_theme_id`);

--
-- Indexes for table `user_master`
--
ALTER TABLE `user_master`
  ADD PRIMARY KEY (`user_id`),
  ADD UNIQUE KEY `user_name` (`user_name`,`user_branch_id`) USING BTREE,
  ADD KEY `user_role` (`user_role`),
  ADD KEY `user_status` (`user_status`),
  ADD KEY `user_created_by` (`user_created_by`),
  ADD KEY `user_updated_by` (`user_updated_by`),
  ADD KEY `user_role_id` (`user_role_id`),
  ADD KEY `user_constant` (`user_constant`),
  ADD KEY `user_theme_id` (`user_theme_id`),
  ADD KEY `user_city_id` (`user_city_id`) USING BTREE,
  ADD KEY `user_state_id` (`user_state_id`),
  ADD KEY `user_country_id` (`user_country_id`);

--
-- Indexes for table `width_master`
--
ALTER TABLE `width_master`
  ADD PRIMARY KEY (`width_id`),
  ADD UNIQUE KEY `width_name` (`width_name`),
  ADD KEY `width_status` (`width_status`),
  ADD KEY `width_default` (`width_default`),
  ADD KEY `width_created_by` (`width_created_by`),
  ADD KEY `width_updated_by` (`width_updated_by`);

--
-- AUTO_INCREMENT for dumped tables
--

--
-- AUTO_INCREMENT for table `apparel_apparel_trans`
--
ALTER TABLE `apparel_apparel_trans`
  MODIFY `aat_id` int(11) NOT NULL AUTO_INCREMENT, AUTO_INCREMENT=50;

--
-- AUTO_INCREMENT for table `apparel_master`
--
ALTER TABLE `apparel_master`
  MODIFY `apparel_id` int(11) NOT NULL AUTO_INCREMENT, AUTO_INCREMENT=30;

--
-- AUTO_INCREMENT for table `apparel_proces_trans`
--
ALTER TABLE `apparel_proces_trans`
  MODIFY `apt_id` int(11) NOT NULL AUTO_INCREMENT;

--
-- AUTO_INCREMENT for table `apparel_style_master`
--
ALTER TABLE `apparel_style_master`
  MODIFY `asm_id` int(11) NOT NULL AUTO_INCREMENT;

--
-- AUTO_INCREMENT for table `apparel_style_trans`
--
ALTER TABLE `apparel_style_trans`
  MODIFY `ast_id` int(11) NOT NULL AUTO_INCREMENT;

--
-- AUTO_INCREMENT for table `barcode_master`
--
ALTER TABLE `barcode_master`
  MODIFY `bm_id` int(11) NOT NULL AUTO_INCREMENT;

--
-- AUTO_INCREMENT for table `barcode_readymade_master`
--
ALTER TABLE `barcode_readymade_master`
  MODIFY `brmm_id` int(11) NOT NULL AUTO_INCREMENT;

--
-- AUTO_INCREMENT for table `branch_master`
--
ALTER TABLE `branch_master`
  MODIFY `branch_id` int(11) NOT NULL AUTO_INCREMENT, AUTO_INCREMENT=4;

--
-- AUTO_INCREMENT for table `category_master`
--
ALTER TABLE `category_master`
  MODIFY `category_id` int(11) NOT NULL AUTO_INCREMENT, AUTO_INCREMENT=14;

--
-- AUTO_INCREMENT for table `city_master`
--
ALTER TABLE `city_master`
  MODIFY `city_id` int(11) NOT NULL AUTO_INCREMENT, AUTO_INCREMENT=333;

--
-- AUTO_INCREMENT for table `color_master`
--
ALTER TABLE `color_master`
  MODIFY `color_id` int(11) NOT NULL AUTO_INCREMENT, AUTO_INCREMENT=14;

--
-- AUTO_INCREMENT for table `company_master`
--
ALTER TABLE `company_master`
  MODIFY `company_id` int(11) NOT NULL AUTO_INCREMENT, AUTO_INCREMENT=3;

--
-- AUTO_INCREMENT for table `cost_char_master`
--
ALTER TABLE `cost_char_master`
  MODIFY `cost_char_id` int(11) NOT NULL AUTO_INCREMENT;

--
-- AUTO_INCREMENT for table `country_master`
--
ALTER TABLE `country_master`
  MODIFY `country_id` int(11) NOT NULL AUTO_INCREMENT, AUTO_INCREMENT=3;

--
-- AUTO_INCREMENT for table `customer_attachment_trans`
--
ALTER TABLE `customer_attachment_trans`
  MODIFY `cat_id` int(11) NOT NULL AUTO_INCREMENT;

--
-- AUTO_INCREMENT for table `customer_master`
--
ALTER TABLE `customer_master`
  MODIFY `customer_id` int(11) NOT NULL AUTO_INCREMENT;

--
-- AUTO_INCREMENT for table `customer_measurement_trans`
--
ALTER TABLE `customer_measurement_trans`
  MODIFY `cmt_id` int(11) NOT NULL AUTO_INCREMENT;

--
-- AUTO_INCREMENT for table `customer_style_image_trans`
--
ALTER TABLE `customer_style_image_trans`
  MODIFY `csit_id` int(11) NOT NULL AUTO_INCREMENT;

--
-- AUTO_INCREMENT for table `customer_style_trans`
--
ALTER TABLE `customer_style_trans`
  MODIFY `cst_id` int(11) NOT NULL AUTO_INCREMENT;

--
-- AUTO_INCREMENT for table `design_master`
--
ALTER TABLE `design_master`
  MODIFY `design_id` int(11) NOT NULL AUTO_INCREMENT, AUTO_INCREMENT=24;

--
-- AUTO_INCREMENT for table `dying_master`
--
ALTER TABLE `dying_master`
  MODIFY `dying_id` int(11) NOT NULL AUTO_INCREMENT;

--
-- AUTO_INCREMENT for table `embroidery_master`
--
ALTER TABLE `embroidery_master`
  MODIFY `embroidery_id` int(11) NOT NULL AUTO_INCREMENT;

--
-- AUTO_INCREMENT for table `estimate_barcode_trans`
--
ALTER TABLE `estimate_barcode_trans`
  MODIFY `ebt_id` int(11) NOT NULL AUTO_INCREMENT;

--
-- AUTO_INCREMENT for table `estimate_maap_trans`
--
ALTER TABLE `estimate_maap_trans`
  MODIFY `emt_id` int(11) NOT NULL AUTO_INCREMENT;

--
-- AUTO_INCREMENT for table `estimate_master`
--
ALTER TABLE `estimate_master`
  MODIFY `em_id` int(11) NOT NULL AUTO_INCREMENT;

--
-- AUTO_INCREMENT for table `estimate_payment_mode_trans`
--
ALTER TABLE `estimate_payment_mode_trans`
  MODIFY `epmt_id` int(11) NOT NULL AUTO_INCREMENT;

--
-- AUTO_INCREMENT for table `estimate_style_trans`
--
ALTER TABLE `estimate_style_trans`
  MODIFY `ost_id` int(11) NOT NULL AUTO_INCREMENT;

--
-- AUTO_INCREMENT for table `estimate_trans`
--
ALTER TABLE `estimate_trans`
  MODIFY `et_id` int(11) NOT NULL AUTO_INCREMENT;

--
-- AUTO_INCREMENT for table `fabric_master`
--
ALTER TABLE `fabric_master`
  MODIFY `fabric_id` int(11) NOT NULL AUTO_INCREMENT, AUTO_INCREMENT=4;

--
-- AUTO_INCREMENT for table `gender_master`
--
ALTER TABLE `gender_master`
  MODIFY `gender_id` int(11) NOT NULL AUTO_INCREMENT, AUTO_INCREMENT=3;

--
-- AUTO_INCREMENT for table `general_master`
--
ALTER TABLE `general_master`
  MODIFY `general_id` int(11) NOT NULL AUTO_INCREMENT;

--
-- AUTO_INCREMENT for table `group_master`
--
ALTER TABLE `group_master`
  MODIFY `grp_id` int(11) NOT NULL AUTO_INCREMENT, AUTO_INCREMENT=24;

--
-- AUTO_INCREMENT for table `hisab_master`
--
ALTER TABLE `hisab_master`
  MODIFY `hm_id` int(11) NOT NULL AUTO_INCREMENT;

--
-- AUTO_INCREMENT for table `hisab_trans`
--
ALTER TABLE `hisab_trans`
  MODIFY `ht_id` int(11) NOT NULL AUTO_INCREMENT;

--
-- AUTO_INCREMENT for table `hsn_master`
--
ALTER TABLE `hsn_master`
  MODIFY `hsn_id` int(11) NOT NULL AUTO_INCREMENT, AUTO_INCREMENT=7;

--
-- AUTO_INCREMENT for table `job_issue_master`
--
ALTER TABLE `job_issue_master`
  MODIFY `jim_id` int(11) NOT NULL AUTO_INCREMENT;

--
-- AUTO_INCREMENT for table `job_issue_trans`
--
ALTER TABLE `job_issue_trans`
  MODIFY `jit_id` int(11) NOT NULL AUTO_INCREMENT;

--
-- AUTO_INCREMENT for table `job_receive_master`
--
ALTER TABLE `job_receive_master`
  MODIFY `jrm_id` int(11) NOT NULL AUTO_INCREMENT;

--
-- AUTO_INCREMENT for table `job_receive_trans`
--
ALTER TABLE `job_receive_trans`
  MODIFY `jrt_id` int(11) NOT NULL AUTO_INCREMENT;

--
-- AUTO_INCREMENT for table `karigar_apparel_trans`
--
ALTER TABLE `karigar_apparel_trans`
  MODIFY `kapt_id` int(11) NOT NULL AUTO_INCREMENT;

--
-- AUTO_INCREMENT for table `karigar_attachment_trans`
--
ALTER TABLE `karigar_attachment_trans`
  MODIFY `kat_id` int(11) NOT NULL AUTO_INCREMENT;

--
-- AUTO_INCREMENT for table `karigar_master`
--
ALTER TABLE `karigar_master`
  MODIFY `karigar_id` int(11) NOT NULL AUTO_INCREMENT;

--
-- AUTO_INCREMENT for table `karigar_proces_trans`
--
ALTER TABLE `karigar_proces_trans`
  MODIFY `kpt_id` int(11) NOT NULL AUTO_INCREMENT;

--
-- AUTO_INCREMENT for table `measurement_master`
--
ALTER TABLE `measurement_master`
  MODIFY `measurement_id` int(11) NOT NULL AUTO_INCREMENT;

--
-- AUTO_INCREMENT for table `measurement_setting_master`
--
ALTER TABLE `measurement_setting_master`
  MODIFY `measurement_setting_id` int(11) NOT NULL AUTO_INCREMENT;

--
-- AUTO_INCREMENT for table `menu_action_role_trans`
--
ALTER TABLE `menu_action_role_trans`
  MODIFY `mart_id` int(11) NOT NULL AUTO_INCREMENT, AUTO_INCREMENT=72;

--
-- AUTO_INCREMENT for table `menu_action_trans`
--
ALTER TABLE `menu_action_trans`
  MODIFY `mat_id` int(11) NOT NULL AUTO_INCREMENT, AUTO_INCREMENT=516;

--
-- AUTO_INCREMENT for table `menu_action_user_trans`
--
ALTER TABLE `menu_action_user_trans`
  MODIFY `maut_id` int(11) NOT NULL AUTO_INCREMENT, AUTO_INCREMENT=2838;

--
-- AUTO_INCREMENT for table `menu_master`
--
ALTER TABLE `menu_master`
  MODIFY `menu_id` int(11) NOT NULL AUTO_INCREMENT, AUTO_INCREMENT=5;

--
-- AUTO_INCREMENT for table `menu_trans`
--
ALTER TABLE `menu_trans`
  MODIFY `mt_id` int(11) NOT NULL AUTO_INCREMENT, AUTO_INCREMENT=150;

--
-- AUTO_INCREMENT for table `order_barcode_trans`
--
ALTER TABLE `order_barcode_trans`
  MODIFY `obt_id` int(11) NOT NULL AUTO_INCREMENT;

--
-- AUTO_INCREMENT for table `order_maap_trans`
--
ALTER TABLE `order_maap_trans`
  MODIFY `omt_id` int(11) NOT NULL AUTO_INCREMENT;

--
-- AUTO_INCREMENT for table `order_master`
--
ALTER TABLE `order_master`
  MODIFY `om_id` int(11) NOT NULL AUTO_INCREMENT;

--
-- AUTO_INCREMENT for table `order_payment_mode_trans`
--
ALTER TABLE `order_payment_mode_trans`
  MODIFY `opmt_id` int(11) NOT NULL AUTO_INCREMENT;

--
-- AUTO_INCREMENT for table `order_style_trans`
--
ALTER TABLE `order_style_trans`
  MODIFY `ost_id` int(11) NOT NULL AUTO_INCREMENT;

--
-- AUTO_INCREMENT for table `order_trans`
--
ALTER TABLE `order_trans`
  MODIFY `ot_id` int(11) NOT NULL AUTO_INCREMENT;

--
-- AUTO_INCREMENT for table `other_master`
--
ALTER TABLE `other_master`
  MODIFY `other_id` int(11) NOT NULL AUTO_INCREMENT;

--
-- AUTO_INCREMENT for table `payment_hisab_trans`
--
ALTER TABLE `payment_hisab_trans`
  MODIFY `pht_id` int(11) NOT NULL AUTO_INCREMENT;

--
-- AUTO_INCREMENT for table `payment_karigar_master`
--
ALTER TABLE `payment_karigar_master`
  MODIFY `payment_id` int(11) NOT NULL AUTO_INCREMENT;

--
-- AUTO_INCREMENT for table `payment_karigar_payment_mode_trans`
--
ALTER TABLE `payment_karigar_payment_mode_trans`
  MODIFY `pkpmt_id` int(11) NOT NULL AUTO_INCREMENT;

--
-- AUTO_INCREMENT for table `payment_master`
--
ALTER TABLE `payment_master`
  MODIFY `payment_id` int(11) NOT NULL AUTO_INCREMENT;

--
-- AUTO_INCREMENT for table `payment_mode_master`
--
ALTER TABLE `payment_mode_master`
  MODIFY `payment_mode_id` int(11) NOT NULL AUTO_INCREMENT;

--
-- AUTO_INCREMENT for table `payment_payment_mode_trans`
--
ALTER TABLE `payment_payment_mode_trans`
  MODIFY `ppmt_id` int(11) NOT NULL AUTO_INCREMENT;

--
-- AUTO_INCREMENT for table `payment_purchase_readymade_trans`
--
ALTER TABLE `payment_purchase_readymade_trans`
  MODIFY `pprt_id` int(11) NOT NULL AUTO_INCREMENT;

--
-- AUTO_INCREMENT for table `payment_purchase_trans`
--
ALTER TABLE `payment_purchase_trans`
  MODIFY `ppt_id` int(11) NOT NULL AUTO_INCREMENT;

--
-- AUTO_INCREMENT for table `proces_master`
--
ALTER TABLE `proces_master`
  MODIFY `proces_id` int(11) NOT NULL AUTO_INCREMENT, AUTO_INCREMENT=6;

--
-- AUTO_INCREMENT for table `product_master`
--
ALTER TABLE `product_master`
  MODIFY `product_id` int(11) NOT NULL AUTO_INCREMENT, AUTO_INCREMENT=34;

--
-- AUTO_INCREMENT for table `purchase_master`
--
ALTER TABLE `purchase_master`
  MODIFY `pm_id` int(11) NOT NULL AUTO_INCREMENT;

--
-- AUTO_INCREMENT for table `purchase_readymade_master`
--
ALTER TABLE `purchase_readymade_master`
  MODIFY `prmm_id` int(11) NOT NULL AUTO_INCREMENT;

--
-- AUTO_INCREMENT for table `purchase_readymade_return_master`
--
ALTER TABLE `purchase_readymade_return_master`
  MODIFY `prrm_id` int(11) NOT NULL AUTO_INCREMENT;

--
-- AUTO_INCREMENT for table `purchase_readymade_return_trans`
--
ALTER TABLE `purchase_readymade_return_trans`
  MODIFY `prrt_id` int(11) NOT NULL AUTO_INCREMENT;

--
-- AUTO_INCREMENT for table `purchase_readymade_trans`
--
ALTER TABLE `purchase_readymade_trans`
  MODIFY `prmt_id` int(11) NOT NULL AUTO_INCREMENT;

--
-- AUTO_INCREMENT for table `purchase_return_master`
--
ALTER TABLE `purchase_return_master`
  MODIFY `prm_id` int(11) NOT NULL AUTO_INCREMENT;

--
-- AUTO_INCREMENT for table `purchase_return_trans`
--
ALTER TABLE `purchase_return_trans`
  MODIFY `prt_id` int(11) NOT NULL AUTO_INCREMENT;

--
-- AUTO_INCREMENT for table `purchase_trans`
--
ALTER TABLE `purchase_trans`
  MODIFY `pt_id` int(11) NOT NULL AUTO_INCREMENT;

--
-- AUTO_INCREMENT for table `readymade_category_master`
--
ALTER TABLE `readymade_category_master`
  MODIFY `readymade_category_id` int(11) NOT NULL AUTO_INCREMENT;

--
-- AUTO_INCREMENT for table `receipt_master`
--
ALTER TABLE `receipt_master`
  MODIFY `receipt_id` int(11) NOT NULL AUTO_INCREMENT;

--
-- AUTO_INCREMENT for table `receipt_order_trans`
--
ALTER TABLE `receipt_order_trans`
  MODIFY `rot_id` int(11) NOT NULL AUTO_INCREMENT;

--
-- AUTO_INCREMENT for table `receipt_payment_mode_trans`
--
ALTER TABLE `receipt_payment_mode_trans`
  MODIFY `rpmt_id` int(11) NOT NULL AUTO_INCREMENT;

--
-- AUTO_INCREMENT for table `role_master`
--
ALTER TABLE `role_master`
  MODIFY `role_id` int(11) NOT NULL AUTO_INCREMENT, AUTO_INCREMENT=11;

--
-- AUTO_INCREMENT for table `size_master`
--
ALTER TABLE `size_master`
  MODIFY `size_id` int(11) NOT NULL AUTO_INCREMENT, AUTO_INCREMENT=9;

--
-- AUTO_INCREMENT for table `sku_design_trans`
--
ALTER TABLE `sku_design_trans`
  MODIFY `sdt_id` int(11) NOT NULL AUTO_INCREMENT;

--
-- AUTO_INCREMENT for table `sku_dying_trans`
--
ALTER TABLE `sku_dying_trans`
  MODIFY `sdyt_id` int(11) NOT NULL AUTO_INCREMENT;

--
-- AUTO_INCREMENT for table `sku_embroidery_trans`
--
ALTER TABLE `sku_embroidery_trans`
  MODIFY `set_id` int(11) NOT NULL AUTO_INCREMENT;

--
-- AUTO_INCREMENT for table `sku_image_trans`
--
ALTER TABLE `sku_image_trans`
  MODIFY `sit_id` int(11) NOT NULL AUTO_INCREMENT;

--
-- AUTO_INCREMENT for table `sku_karigar_trans`
--
ALTER TABLE `sku_karigar_trans`
  MODIFY `skt_id` int(11) NOT NULL AUTO_INCREMENT;

--
-- AUTO_INCREMENT for table `sku_master`
--
ALTER TABLE `sku_master`
  MODIFY `sku_id` int(11) NOT NULL AUTO_INCREMENT;

--
-- AUTO_INCREMENT for table `sku_other_trans`
--
ALTER TABLE `sku_other_trans`
  MODIFY `sot_id` int(11) NOT NULL AUTO_INCREMENT;

--
-- AUTO_INCREMENT for table `state_master`
--
ALTER TABLE `state_master`
  MODIFY `state_id` int(11) NOT NULL AUTO_INCREMENT, AUTO_INCREMENT=37;

--
-- AUTO_INCREMENT for table `style_master`
--
ALTER TABLE `style_master`
  MODIFY `style_id` int(11) NOT NULL AUTO_INCREMENT;

--
-- AUTO_INCREMENT for table `style_priority_master`
--
ALTER TABLE `style_priority_master`
  MODIFY `spm_id` int(11) NOT NULL AUTO_INCREMENT;

--
-- AUTO_INCREMENT for table `style_priority_trans`
--
ALTER TABLE `style_priority_trans`
  MODIFY `spt_id` int(11) NOT NULL AUTO_INCREMENT;

--
-- AUTO_INCREMENT for table `style_setting_master`
--
ALTER TABLE `style_setting_master`
  MODIFY `style_setting_id` int(11) NOT NULL AUTO_INCREMENT;

--
-- AUTO_INCREMENT for table `supplier_master`
--
ALTER TABLE `supplier_master`
  MODIFY `supplier_id` int(11) NOT NULL AUTO_INCREMENT;

--
-- AUTO_INCREMENT for table `theme_master`
--
ALTER TABLE `theme_master`
  MODIFY `theme_id` int(11) NOT NULL AUTO_INCREMENT, AUTO_INCREMENT=3;

--
-- AUTO_INCREMENT for table `theme_trans`
--
ALTER TABLE `theme_trans`
  MODIFY `tt_id` int(11) NOT NULL AUTO_INCREMENT, AUTO_INCREMENT=3;

--
-- AUTO_INCREMENT for table `user_master`
--
ALTER TABLE `user_master`
  MODIFY `user_id` int(11) NOT NULL AUTO_INCREMENT, AUTO_INCREMENT=22;

--
-- AUTO_INCREMENT for table `width_master`
--
ALTER TABLE `width_master`
  MODIFY `width_id` int(11) NOT NULL AUTO_INCREMENT, AUTO_INCREMENT=5;
COMMIT;

/*!40101 SET CHARACTER_SET_CLIENT=@OLD_CHARACTER_SET_CLIENT */;
/*!40101 SET CHARACTER_SET_RESULTS=@OLD_CHARACTER_SET_RESULTS */;
/*!40101 SET COLLATION_CONNECTION=@OLD_COLLATION_CONNECTION */;
